path	author	title	filename	section_types
corpora/greek_literature/First1KGreek/ggm0001/ggm001/1st1K-grc1/1/tf/1.0	Anonymous	Anametresis Pontou	ggm0001.ggm001.1st1K-grc1	chapter,paragraph
corpora/greek_literature/First1KGreek/ogl0001/ogl001/1st1K-grc1/1/tf/1.0	Pinytus	De Epistola Pinyti ad Dionysium	ogl0001.ogl001.1st1K-grc1	fragment
corpora/greek_literature/First1KGreek/stoa0033a/tlg028/1st1K-grc1/1/tf/1.0	Pseudo-Aristotle	De mundo	stoa0033a.tlg028.1st1K-grc1	chapter
corpora/greek_literature/First1KGreek/stoa0033a/tlg043/1st1K-grc1/1/tf/1.0	Pseudo-Aristotle	De spiritu	stoa0033a.tlg043.1st1K-grc1	chapter
corpora/greek_literature/First1KGreek/stoa0121/stoa001/opp-grc1/1/tf/1.0	Eutropius	Breviarium historiae romanae	stoa0121.stoa001.opp-grc1	book,chapter,section
corpora/greek_literature/First1KGreek/stoa0146d/stoa001/opp-grc1/1/tf/1.0	Hegemonius	Acta Archelai	stoa0146d.stoa001.opp-grc1	chapter
corpora/greek_literature/First1KGreek/tlg0011/tlg003/1st1K-grc1/1/tf/1.0	Sophocles	Ajax, Machine readable text	tlg0011.tlg003.1st1K-grc1	
corpora/greek_literature/First1KGreek/tlg0015/tlg001/opp-grc1/1/tf/1.0	Herodian	Ab excessu divi Marci	tlg0015.tlg001.opp-grc1	book,chapter,section
corpora/greek_literature/First1KGreek/tlg0018/tlg001/opp-grc1/1/tf/1.0	Philo Judaeus	De opificio mundi	tlg0018.tlg001.opp-grc1	chapter
corpora/greek_literature/First1KGreek/tlg0018/tlg002/opp-grc1/1/tf/1.0	Philo Judaeus	Legum allegoriarum libri i‑iii	tlg0018.tlg002.opp-grc1	book,chapter
corpora/greek_literature/First1KGreek/tlg0018/tlg003/opp-grc1/1/tf/1.0	Philo Judaeus	De Cherubim	tlg0018.tlg003.opp-grc1	chapter
corpora/greek_literature/First1KGreek/tlg0018/tlg004/opp-grc1/1/tf/1.0	Philo Judaeus	De sacrificiis Abelis et Caini	tlg0018.tlg004.opp-grc1	chapter
corpora/greek_literature/First1KGreek/tlg0018/tlg005/opp-grc1/1/tf/1.0	Philo Judaeus	Quod deterius potiori insidiari soleat	tlg0018.tlg005.opp-grc1	chapter
corpora/greek_literature/First1KGreek/tlg0018/tlg006/opp-grc1/1/tf/1.0	Philo Judaeus	De Posteritate Caini	tlg0018.tlg006.opp-grc1	chapter
corpora/greek_literature/First1KGreek/tlg0018/tlg007/opp-grc1/1/tf/1.0	Philo Judaeus	De gigantibus	tlg0018.tlg007.opp-grc1	chapter
corpora/greek_literature/First1KGreek/tlg0018/tlg008/opp-grc1/1/tf/1.0	Philo Judaeus	Quod deus sit immutabilis	tlg0018.tlg008.opp-grc1	chapter
corpora/greek_literature/First1KGreek/tlg0018/tlg009/opp-grc1/1/tf/1.0	Philo Judaeus	De agricultura	tlg0018.tlg009.opp-grc1	chapter
corpora/greek_literature/First1KGreek/tlg0018/tlg010/opp-grc1/1/tf/1.0	Philo Judaeus	De plantatione	tlg0018.tlg010.opp-grc1	chapter
corpora/greek_literature/First1KGreek/tlg0018/tlg011/opp-grc1/1/tf/1.0	Philo Judaeus	De ebrietate	tlg0018.tlg011.opp-grc1	chapter
corpora/greek_literature/First1KGreek/tlg0018/tlg012/opp-grc1/1/tf/1.0	Philo Judaeus	De sobrietate	tlg0018.tlg012.opp-grc1	chapter
corpora/greek_literature/First1KGreek/tlg0018/tlg013/opp-grc1/1/tf/1.0	Philo Judaeus	De confusione linguarum	tlg0018.tlg013.opp-grc1	chapter
corpora/greek_literature/First1KGreek/tlg0018/tlg014/opp-grc1/1/tf/1.0	Philo Judaeus	De migratione Abrahami	tlg0018.tlg014.opp-grc1	chapter
corpora/greek_literature/First1KGreek/tlg0018/tlg015/opp-grc1/1/tf/1.0	Philo Judaeus	Quis rerum divinarum heres sit	tlg0018.tlg015.opp-grc1	chapter
corpora/greek_literature/First1KGreek/tlg0018/tlg016/opp-grc1/1/tf/1.0	Philo Judaeus	De congressu eruditionis gratia	tlg0018.tlg016.opp-grc1	chapter
corpora/greek_literature/First1KGreek/tlg0018/tlg017/opp-grc1/1/tf/1.0	Philo Judaeus	De fuga et inventione	tlg0018.tlg017.opp-grc1	chapter
corpora/greek_literature/First1KGreek/tlg0018/tlg018/opp-grc1/1/tf/1.0	Philo Judaeus	De mutatione nominum	tlg0018.tlg018.opp-grc1	chapter
corpora/greek_literature/First1KGreek/tlg0018/tlg019/opp-grc1/1/tf/1.0	Philo Judaeus	De somniis (lib. i‑ii)	tlg0018.tlg019.opp-grc1	book,chapter
corpora/greek_literature/First1KGreek/tlg0018/tlg020/opp-grc1/1/tf/1.0	Philo Judaeus	De Abrahamo	tlg0018.tlg020.opp-grc1	chapter
corpora/greek_literature/First1KGreek/tlg0018/tlg021/opp-grc1/1/tf/1.0	Philo Judaeus	De Josepho	tlg0018.tlg021.opp-grc1	chapter
corpora/greek_literature/First1KGreek/tlg0018/tlg022/opp-grc1/1/tf/1.0	Philo Judaeus	De vita Mosis (lib. i‑ii)	tlg0018.tlg022.opp-grc1	book,chapter
corpora/greek_literature/First1KGreek/tlg0018/tlg023/opp-grc1/1/tf/1.0	Philo Judaeus	De decalogo	tlg0018.tlg023.opp-grc1	chapter
corpora/greek_literature/First1KGreek/tlg0018/tlg024/opp-grc1/1/tf/1.0	Philo Judaeus	De specialibus legibus (lib. i‑iv)	tlg0018.tlg024.opp-grc1	book,chapter
corpora/greek_literature/First1KGreek/tlg0018/tlg025/opp-grc1/1/tf/1.0	Philo Judaeus	De virtutibus	tlg0018.tlg025.opp-grc1	chapter
corpora/greek_literature/First1KGreek/tlg0018/tlg026/opp-grc1/1/tf/1.0	Philo Judaeus	De praemiis et poenis et De exsecrationibus	tlg0018.tlg026.opp-grc1	chapter
corpora/greek_literature/First1KGreek/tlg0018/tlg027/opp-grc1/1/tf/1.0	Philo Judaeus	Quod omnis probus liber sit	tlg0018.tlg027.opp-grc1	chapter
corpora/greek_literature/First1KGreek/tlg0018/tlg028/opp-grc1/1/tf/1.0	Philo Judaeus	De vita contemplativa	tlg0018.tlg028.opp-grc1	chapter
corpora/greek_literature/First1KGreek/tlg0018/tlg029/opp-grc1/1/tf/1.0	Philo Judaeus	De aeternitate mundi	tlg0018.tlg029.opp-grc1	chapter
corpora/greek_literature/First1KGreek/tlg0018/tlg030/opp-grc1/1/tf/1.0	Philo Judaeus	In Flaccum	tlg0018.tlg030.opp-grc1	chapter
corpora/greek_literature/First1KGreek/tlg0018/tlg031/opp-grc1/1/tf/1.0	Philo Judaeus	Legatio Ad Gaium	tlg0018.tlg031.opp-grc1	chapter
corpora/greek_literature/First1KGreek/tlg0031/tlg002/INTF-grc1/1/tf/1.0	Athenagoras	01	tlg0031.tlg002.INTF-grc1	chapter
corpora/greek_literature/First1KGreek/tlg0057/tlg001/1st1K-grc1/1/tf/1.0	Galen	Adhortatio ad artes addiscendas	tlg0057.tlg001.1st1K-grc1	chapter
corpora/greek_literature/First1KGreek/tlg0057/tlg001/1st1K-grc2/1/tf/1.0	Galen	Protrepticus	tlg0057.tlg001.1st1K-grc2	chapter
corpora/greek_literature/First1KGreek/tlg0057/tlg002/1st1K-grc1/1/tf/1.0	Galen	De optima doctrina	tlg0057.tlg002.1st1K-grc1	chapter
corpora/greek_literature/First1KGreek/tlg0057/tlg003/1st1K-grc1/1/tf/1.0	Galen	Quod optimus medicus sit quoque philosophus	tlg0057.tlg003.1st1K-grc1	chapter
corpora/greek_literature/First1KGreek/tlg0057/tlg004/1st1K-grc1/1/tf/1.0	Galen	De sectis ad eos qui introducuntur	tlg0057.tlg004.1st1K-grc1	chapter
corpora/greek_literature/First1KGreek/tlg0057/tlg006/1st1K-grc1/1/tf/1.0	Galen	De constitutione artis medicae ad Patrophilum	tlg0057.tlg006.1st1K-grc1	chapter
corpora/greek_literature/First1KGreek/tlg0057/tlg007/1st1K-grc1/1/tf/1.0	Galen	Ars Medica	tlg0057.tlg007.1st1K-grc1	chapter
corpora/greek_literature/First1KGreek/tlg0057/tlg008/1st1K-grc1/1/tf/1.0	Galen	De elementis ex Hippocrate	tlg0057.tlg008.1st1K-grc1	book,chapter
corpora/greek_literature/First1KGreek/tlg0057/tlg009/1st1K-grc1/1/tf/1.0	Galen	De temperamentis	tlg0057.tlg009.1st1K-grc1	book,chapter
corpora/greek_literature/First1KGreek/tlg0057/tlg009/1st1K-grc2/1/tf/1.0	Galen	De temperamentis	tlg0057.tlg009.1st1K-grc2	book,chapter
corpora/greek_literature/First1KGreek/tlg0057/tlg010/1st1K-grc1/1/tf/1.0	Galen	De naturalibus facultatibus	tlg0057.tlg010.1st1K-grc1	book,chapter
corpora/greek_literature/First1KGreek/tlg0057/tlg011/1st1K-grc1/1/tf/1.0	Galen	De anatomicis administrationibus	tlg0057.tlg011.1st1K-grc1	book,chapter
corpora/greek_literature/First1KGreek/tlg0057/tlg012/1st1K-grc1/1/tf/1.0	Galen	De ossibus ad tirones	tlg0057.tlg012.1st1K-grc1	chapter
corpora/greek_literature/First1KGreek/tlg0057/tlg013/1st1K-grc1/1/tf/1.0	Galen	De venarum arteriarumque dissectione	tlg0057.tlg013.1st1K-grc1	chapter
corpora/greek_literature/First1KGreek/tlg0057/tlg014/1st1K-grc1/1/tf/1.0	Galen	De nervorum dissectione	tlg0057.tlg014.1st1K-grc1	chapter
corpora/greek_literature/First1KGreek/tlg0057/tlg015/1st1K-grc1/1/tf/1.0	Galen	De instrumento odoratus	tlg0057.tlg015.1st1K-grc1	chapter
corpora/greek_literature/First1KGreek/tlg0057/tlg016/1st1K-grc1/1/tf/1.0	Galen	De uteri dissectione	tlg0057.tlg016.1st1K-grc1	chapter
corpora/greek_literature/First1KGreek/tlg0057/tlg017/1st1K-grc1/1/tf/1.0	Galen	De usu partium corporis humani I-XI	tlg0057.tlg017.1st1K-grc1	book,chapter
corpora/greek_literature/First1KGreek/tlg0057/tlg018/1st1K-grc1/1/tf/1.0	Galen	De motu musculorum	tlg0057.tlg018.1st1K-grc1	book,chapter
corpora/greek_literature/First1KGreek/tlg0057/tlg019/1st1K-grc1/1/tf/1.0	Galen	De victu attenuante	tlg0057.tlg019.1st1K-grc1	chapter
corpora/greek_literature/First1KGreek/tlg0057/tlg019/opp-grc1/1/tf/1.0	Galen	De Victu Attenuante	tlg0057.tlg019.opp-grc1	section
corpora/greek_literature/First1KGreek/tlg0057/tlg020/1st1K-grc1/1/tf/1.0	Galen	De utilitate respirationis	tlg0057.tlg020.1st1K-grc1	chapter
corpora/greek_literature/First1KGreek/tlg0057/tlg021/1st1K-grc1/1/tf/1.0	Galen	De semine	tlg0057.tlg021.1st1K-grc1	book,chapter
corpora/greek_literature/First1KGreek/tlg0057/tlg022/1st1K-grc1/1/tf/1.0	Galen	De foetuum formatione	tlg0057.tlg022.1st1K-grc1	chapter
corpora/greek_literature/First1KGreek/tlg0057/tlg023/1st1K-grc1/1/tf/1.0	Galen	An in arteriis sanguis contineatur	tlg0057.tlg023.1st1K-grc1	chapter
corpora/greek_literature/First1KGreek/tlg0057/tlg024/1st1K-grc1/1/tf/1.0	Galen	De optima corporis nostri constitutione	tlg0057.tlg024.1st1K-grc1	chapter
corpora/greek_literature/First1KGreek/tlg0057/tlg025/1st1K-grc1/1/tf/1.0	Galen	De bono habitu	tlg0057.tlg025.1st1K-grc1	work
corpora/greek_literature/First1KGreek/tlg0057/tlg027/1st1K-grc1/1/tf/1.0	Galen	Quod animi mores corporis temperamenta sequantur	tlg0057.tlg027.1st1K-grc1	chapter
corpora/greek_literature/First1KGreek/tlg0057/tlg028/1st1K-grc1/1/tf/1.0	Galen	De propriorum animi cuiuslibet affectuum dignotione et curatione	tlg0057.tlg028.1st1K-grc1	chapter
corpora/greek_literature/First1KGreek/tlg0057/tlg029/1st1K-grc1/1/tf/1.0	Galen	De animi cuiuslibet peccatorum dignotione et curatione	tlg0057.tlg029.1st1K-grc1	chapter
corpora/greek_literature/First1KGreek/tlg0057/tlg030/1st1K-grc1/1/tf/1.0	Galen	De atra bile	tlg0057.tlg030.1st1K-grc1	chapter
corpora/greek_literature/First1KGreek/tlg0057/tlg031/1st1K-grc1/1/tf/1.0	Galen	De usu pulsuum	tlg0057.tlg031.1st1K-grc1	chapter
corpora/greek_literature/First1KGreek/tlg0057/tlg032/1st1K-grc1/1/tf/1.0	Galen	De placitis Hippocratis et Platonis	tlg0057.tlg032.1st1K-grc1	book,chapter
corpora/greek_literature/First1KGreek/tlg0057/tlg034/1st1K-grc1/1/tf/1.0	Galen	De parvae pilae exercitio	tlg0057.tlg034.1st1K-grc1	chapter
corpora/greek_literature/First1KGreek/tlg0057/tlg034/1st1K-grc2/1/tf/1.0	Galen	De parvae pilae exercitio	tlg0057.tlg034.1st1K-grc2	chapter
corpora/greek_literature/First1KGreek/tlg0057/tlg035/1st1K-grc2/1/tf/1.0	Galen	De venereis	tlg0057.tlg035.1st1K-grc2	work
corpora/greek_literature/First1KGreek/tlg0057/tlg035/1st1K-grc3/1/tf/1.0	Galen	De venereis (ap. Oribasium)	tlg0057.tlg035.1st1K-grc3	chapter
corpora/greek_literature/First1KGreek/tlg0057/tlg036/1st1K-grc1/1/tf/1.0	Galen	De sanitate tuenda	tlg0057.tlg036.1st1K-grc1	book,chapter
corpora/greek_literature/First1KGreek/tlg0057/tlg038/1st1K-grc1/1/tf/1.0	Galen	De rebus boni malique suci	tlg0057.tlg038.1st1K-grc1	chapter
corpora/greek_literature/First1KGreek/tlg0057/tlg039/1st1K-grc1/1/tf/1.0	Galen	De ptisana	tlg0057.tlg039.1st1K-grc1	chapter
corpora/greek_literature/First1KGreek/tlg0057/tlg040/1st1K-grc1/1/tf/1.0	Galen	De dignotione ex insomniis	tlg0057.tlg040.1st1K-grc1	book
corpora/greek_literature/First1KGreek/tlg0057/tlg041/1st1K-grc1/1/tf/1.0	Galen	De morborum differentiis	tlg0057.tlg041.1st1K-grc1	chapter
corpora/greek_literature/First1KGreek/tlg0057/tlg042/1st1K-grc1/1/tf/1.0	Galen	De causis morborum	tlg0057.tlg042.1st1K-grc1	chapter
corpora/greek_literature/First1KGreek/tlg0057/tlg043/1st1K-grc1/1/tf/1.0	Galen	De symptomatum differentiis	tlg0057.tlg043.1st1K-grc1	chapter
corpora/greek_literature/First1KGreek/tlg0057/tlg044/1st1K-grc1/1/tf/1.0	Galen	De symptomatum causis	tlg0057.tlg044.1st1K-grc1	book,chapter
corpora/greek_literature/First1KGreek/tlg0057/tlg045/1st1K-grc1/1/tf/1.0	Galen	De differentiis febrium	tlg0057.tlg045.1st1K-grc1	book,chapter
corpora/greek_literature/First1KGreek/tlg0057/tlg046/1st1K-grc1/1/tf/1.0	Galen	De morborum temporibus	tlg0057.tlg046.1st1K-grc1	chapter
corpora/greek_literature/First1KGreek/tlg0057/tlg047/1st1K-grc1/1/tf/1.0	Galen	De totius morbi temporibus	tlg0057.tlg047.1st1K-grc1	chapter
corpora/greek_literature/First1KGreek/tlg0057/tlg048/1st1K-grc1/1/tf/1.0	Galen	De typis	tlg0057.tlg048.1st1K-grc1	chapter
corpora/greek_literature/First1KGreek/tlg0057/tlg049/1st1K-grc1/1/tf/1.0	Galen	Adversus eos qui de typis scripserunt vel de circuitibus	tlg0057.tlg049.1st1K-grc1	chapter
corpora/greek_literature/First1KGreek/tlg0057/tlg050/1st1K-grc1/1/tf/1.0	Galen	De plenitudine	tlg0057.tlg050.1st1K-grc1	chapter
corpora/greek_literature/First1KGreek/tlg0057/tlg051/1st1K-grc1/1/tf/1.0	Galen	De tremore, palpitatione, convulsione et rigore	tlg0057.tlg051.1st1K-grc1	chapter
corpora/greek_literature/First1KGreek/tlg0057/tlg052/1st1K-grc1/1/tf/1.0	Galen	De comate secundum Hippocratem	tlg0057.tlg052.1st1K-grc1	chapter
corpora/greek_literature/First1KGreek/tlg0057/tlg053/1st1K-grc1/1/tf/1.0	Galen	De marcore	tlg0057.tlg053.1st1K-grc1	chapter
corpora/greek_literature/First1KGreek/tlg0057/tlg054/1st1K-grc1/1/tf/1.0	Galen	De tumoribus praeter naturam	tlg0057.tlg054.1st1K-grc1	chapter
corpora/greek_literature/First1KGreek/tlg0057/tlg055/1st1K-grc1/1/tf/1.0	Galen	De inaequali intemperie	tlg0057.tlg055.1st1K-grc1	chapter
corpora/greek_literature/First1KGreek/tlg0057/tlg056/1st1K-grc1/1/tf/1.0	Galen	De difficultate respirationis	tlg0057.tlg056.1st1K-grc1	book,chapter
corpora/greek_literature/First1KGreek/tlg0057/tlg057/1st1K-grc1/1/tf/1.0	Galen	De locis affectis	tlg0057.tlg057.1st1K-grc1	book,chapter
corpora/greek_literature/First1KGreek/tlg0057/tlg058/1st1K-grc1/1/tf/1.0	Galen	De pulsibus ad tirones	tlg0057.tlg058.1st1K-grc1	chapter
corpora/greek_literature/First1KGreek/tlg0057/tlg059/1st1K-grc1/1/tf/1.0	Galen	De differentiis pulsuum	tlg0057.tlg059.1st1K-grc1	book,chapter
corpora/greek_literature/First1KGreek/tlg0057/tlg060/1st1K-grc1/1/tf/1.0	Galen	De dignoscendis pulsibus	tlg0057.tlg060.1st1K-grc1	book,chapter
corpora/greek_literature/First1KGreek/tlg0057/tlg061/1st1K-grc1/1/tf/1.0	Galen	De causis pulsuum	tlg0057.tlg061.1st1K-grc1	book,chapter
corpora/greek_literature/First1KGreek/tlg0057/tlg062/1st1K-grc1/1/tf/1.0	Galen	De praesagitione ex pulsibus	tlg0057.tlg062.1st1K-grc1	book,chapter
corpora/greek_literature/First1KGreek/tlg0057/tlg063/1st1K-grc1/1/tf/1.0	Galen	Synopsis librorum suorum de pulsibus	tlg0057.tlg063.1st1K-grc1	chapter
corpora/greek_literature/First1KGreek/tlg0057/tlg064/1st1K-grc1/1/tf/1.0	Galen	De crisibus	tlg0057.tlg064.1st1K-grc1	book,chapter
corpora/greek_literature/First1KGreek/tlg0057/tlg065/1st1K-grc1/1/tf/1.0	Galen	De diebus decretoriis	tlg0057.tlg065.1st1K-grc1	book,chapter
corpora/greek_literature/First1KGreek/tlg0057/tlg066/1st1K-grc1/1/tf/1.0	Galen	De methodo medendi	tlg0057.tlg066.1st1K-grc1	book,chapter
corpora/greek_literature/First1KGreek/tlg0057/tlg067/1st1K-grc1/1/tf/1.0	Galen	Ad Glauconem de methodo medendi	tlg0057.tlg067.1st1K-grc1	book,chapter
corpora/greek_literature/First1KGreek/tlg0057/tlg068/1st1K-grc1/1/tf/1.0	Galen	De venae sectione adversus Erasistratum	tlg0057.tlg068.1st1K-grc1	chapter
corpora/greek_literature/First1KGreek/tlg0057/tlg069/1st1K-grc1/1/tf/1.0	Galen	De venae sectione adversus Erasistrateos Romae degentes	tlg0057.tlg069.1st1K-grc1	chapter
corpora/greek_literature/First1KGreek/tlg0057/tlg070/1st1K-grc1/1/tf/1.0	Galen	De curandi ratione per venae sectionem	tlg0057.tlg070.1st1K-grc1	chapter
corpora/greek_literature/First1KGreek/tlg0057/tlg071/1st1K-grc1/1/tf/1.0	Galen	De hirudinibus, revulsione, cucurbitula, incisione et scarificatione	tlg0057.tlg071.1st1K-grc1	chapter
corpora/greek_literature/First1KGreek/tlg0057/tlg072/1st1K-grc1/1/tf/1.0	Galen	De purgantium medicamentorum facultate	tlg0057.tlg072.1st1K-grc1	chapter
corpora/greek_literature/First1KGreek/tlg0057/tlg073/1st1K-grc1/1/tf/1.0	Galen	Quos quibus catharticis medicamentis et quando purgare oporteat	tlg0057.tlg073.1st1K-grc1	chapter
corpora/greek_literature/First1KGreek/tlg0057/tlg073/1st1K-grc2/1/tf/1.0	Galen	Quos quibus catharticis medicamentis et quando purgare oporteat (ap. Oribasium)	tlg0057.tlg073.1st1K-grc2	chapter,section
corpora/greek_literature/First1KGreek/tlg0057/tlg074/1st1K-grc1/1/tf/1.0	Galen	Pro puero epileptico consilium	tlg0057.tlg074.1st1K-grc1	chapter
corpora/greek_literature/First1KGreek/tlg0057/tlg075/1st1K-grc1/1/tf/1.0	Galen	De simplicium medicamentorum temperamentis ac facultatibus I-VI	tlg0057.tlg075.1st1K-grc1	book,chapter,section
corpora/greek_literature/First1KGreek/tlg0057/tlg076/1st1K-grc1/1/tf/1.0	Galen	De compositione medicamentorum secundum locos I-VI	tlg0057.tlg076.1st1K-grc1	book,chapter
corpora/greek_literature/First1KGreek/tlg0057/tlg077/1st1K-grc1/1/tf/1.0	Galen	De compositione medicamentorum per genera	tlg0057.tlg077.1st1K-grc1	book,chapter
corpora/greek_literature/First1KGreek/tlg0057/tlg078/1st1K-grc1/1/tf/1.0	Galen	De antidotis	tlg0057.tlg078.1st1K-grc1	book,chapter
corpora/greek_literature/First1KGreek/tlg0057/tlg079/1st1K-grc1/1/tf/1.0	Galen	De theriaca ad Pisonem	tlg0057.tlg079.1st1K-grc1	chapter
corpora/greek_literature/First1KGreek/tlg0057/tlg081/1st1K-grc1/1/tf/1.0	Galen	Institutio logica	tlg0057.tlg081.1st1K-grc1	chapter
corpora/greek_literature/First1KGreek/tlg0057/tlg082/1st1K-grc1/1/tf/1.0	Galen	De sophismatis seu captionibus penes dictionem	tlg0057.tlg082.1st1K-grc1	chapter
corpora/greek_literature/First1KGreek/tlg0057/tlg083/1st1K-grc1/1/tf/1.0	Galen	De praenotione ad Epigenem	tlg0057.tlg083.1st1K-grc1	chapter
corpora/greek_literature/First1KGreek/tlg0057/tlg084/1st1K-grc1/1/tf/1.0	Galen	De substantia facultatum naturalium fragmentum	tlg0057.tlg084.1st1K-grc1	work
corpora/greek_literature/First1KGreek/tlg0057/tlg085/1st1K-grc1/1/tf/1.0	Galen	In Hippocratis De natura hominis	tlg0057.tlg085.1st1K-grc1	book,chapter
corpora/greek_literature/First1KGreek/tlg0057/tlg086/1st1K-grc1/1/tf/1.0	Galen	In Hippocratis vel Polybi Opus de Salubri Victus Ratione Privatorum Commentarius	tlg0057.tlg086.1st1K-grc1	work,chapter
corpora/greek_literature/First1KGreek/tlg0057/tlg087/1st1K-grc1/1/tf/1.0	Galen	In Hippocratis De victu acutorum	tlg0057.tlg087.1st1K-grc1	book,chapter
corpora/greek_literature/First1KGreek/tlg0057/tlg089/1st1K-grc1/1/tf/1.0	Galen	In Hippocratis Epidemiarum I	tlg0057.tlg089.1st1K-grc1	book,chapter,section
corpora/greek_literature/First1KGreek/tlg0057/tlg092/1st1K-grc1/1/tf/1.0	Galen	In Hippocratis Aphorismos	tlg0057.tlg092.1st1K-grc1	book,chapter
corpora/greek_literature/First1KGreek/tlg0057/tlg093/1st1K-grc1/1/tf/1.0	Galen	Adversus Lycum	tlg0057.tlg093.1st1K-grc1	chapter
corpora/greek_literature/First1KGreek/tlg0057/tlg094/1st1K-grc1/1/tf/1.0	Galen	Adversus ea quae Juliano in Hippocratis Aphorismos enuntiata sunt	tlg0057.tlg094.1st1K-grc1	chapter
corpora/greek_literature/First1KGreek/tlg0057/tlg095/1st1K-grc1/1/tf/1.0	Galen	In Hippocratis De articulis	tlg0057.tlg095.1st1K-grc1	book,chapter
corpora/greek_literature/First1KGreek/tlg0057/tlg096/1st1K-grc1/1/tf/1.0	Galen	De Humero iis Modis Prolapso quos Hippocrates non Vidit	tlg0057.tlg096.1st1K-grc1	chapter
corpora/greek_literature/First1KGreek/tlg0057/tlg099/1st1K-grc1/1/tf/1.0	Galen	In Hippocratis Prognosticum	tlg0057.tlg099.1st1K-grc1	book,chapter
corpora/greek_literature/First1KGreek/tlg0057/tlg100/1st1K-grc1/1/tf/1.0	Galen	In Hippocratis De fracturis	tlg0057.tlg100.1st1K-grc1	book,chapter
corpora/greek_literature/First1KGreek/tlg0057/tlg101/1st1K-grc1/1/tf/1.0	Galen	In Hippocratis De officina medici	tlg0057.tlg101.1st1K-grc1	book,chapter
corpora/greek_literature/First1KGreek/tlg0057/tlg102/1st1K-grc1/1/tf/1.0	Galen	De musculorum dissectione ad tirones	tlg0057.tlg102.1st1K-grc1	chapter
corpora/greek_literature/First1KGreek/tlg0057/tlg103/1st1K-grc1/1/tf/1.0	Galen	De consuetudinibus	tlg0057.tlg103.1st1K-grc1	chapter
corpora/greek_literature/First1KGreek/tlg0057/tlg107/1st1K-grc1/1/tf/1.0	Galen	De experientia medica	tlg0057.tlg107.1st1K-grc1	work
corpora/greek_literature/First1KGreek/tlg0057/tlg114/1st1K-grc1/1/tf/1.0	Galen	De causis respirationis	tlg0057.tlg114.1st1K-grc1	work
corpora/greek_literature/First1KGreek/tlg0059/tlg037/First1K-grc1/1/tf/1.0	Plato	Definitiones	tlg0059.tlg037.First1K-grc1	work
corpora/greek_literature/First1KGreek/tlg0062/tlg001/1st1K-grc1/1/tf/1.0	Lucian of Samosata	Phalaris	tlg0062.tlg001.1st1K-grc1	book,section
corpora/greek_literature/First1KGreek/tlg0062/tlg002/1st1K-grc1/1/tf/1.0	Lucian of Samosata	Hippias, or the Bath	tlg0062.tlg002.1st1K-grc1	section
corpora/greek_literature/First1KGreek/tlg0062/tlg003/1st1K-grc1/1/tf/1.0	Lucian of Samosata	Bacchus	tlg0062.tlg003.1st1K-grc1	section
corpora/greek_literature/First1KGreek/tlg0062/tlg004/1st1K-grc1/1/tf/1.0	Lucian of Samosata	Hercules	tlg0062.tlg004.1st1K-grc1	section
corpora/greek_literature/First1KGreek/tlg0062/tlg005/1st1K-grc1/1/tf/1.0	Lucian of Samosata	Electrum, Amber, or the Swans	tlg0062.tlg005.1st1K-grc1	section
corpora/greek_literature/First1KGreek/tlg0062/tlg006/1st1K-grc1/1/tf/1.0	Lucian of Samosata	Muscae Encomium, The Fly	tlg0062.tlg006.1st1K-grc1	section
corpora/greek_literature/First1KGreek/tlg0062/tlg007/1st1K-grc1/1/tf/1.0	Lucian of Samosata	Nigrinus	tlg0062.tlg007.1st1K-grc1	section
corpora/greek_literature/First1KGreek/tlg0062/tlg008/1st1K-grc1/1/tf/1.0	Lucian of Samosata	Demonax	tlg0062.tlg008.1st1K-grc1	section
corpora/greek_literature/First1KGreek/tlg0062/tlg009/1st1K-grc1/1/tf/1.0	Lucian of Samosata	De Domo, The Hall	tlg0062.tlg009.1st1K-grc1	section
corpora/greek_literature/First1KGreek/tlg0062/tlg010/1st1K-grc1/1/tf/1.0	Lucian of Samosata	Patriae encomium, My Native Land	tlg0062.tlg010.1st1K-grc1	section
corpora/greek_literature/First1KGreek/tlg0062/tlg011/1st1K-grc1/1/tf/1.0	Lucian of Samosata	Macrobii, Octogenarians	tlg0062.tlg011.1st1K-grc1	section
corpora/greek_literature/First1KGreek/tlg0062/tlg012/1st1K-grc1/1/tf/1.0	Lucian of Samosata	Verae historiae, A True Story	tlg0062.tlg012.1st1K-grc1	book,section
corpora/greek_literature/First1KGreek/tlg0062/tlg013/1st1K-grc1/1/tf/1.0	Lucian of Samosata	Calumniae non temere credendum, Slander	tlg0062.tlg013.1st1K-grc1	section
corpora/greek_literature/First1KGreek/tlg0062/tlg014/1st1K-grc1/1/tf/1.0	Lucian of Samosata	Lis consonantium (= Judicium vocalium), The Consonants at Law	tlg0062.tlg014.1st1K-grc1	section
corpora/greek_literature/First1KGreek/tlg0062/tlg015/1st1K-grc1/1/tf/1.0	Lucian of Samosata	Symposium, The Carousal, or The Lapiths	tlg0062.tlg015.1st1K-grc1	section
corpora/greek_literature/First1KGreek/tlg0062/tlg016/1st1K-grc1/1/tf/1.0	Lucianus Samosatenus	Cataplus	tlg0062.tlg016.1st1K-grc1	section
corpora/greek_literature/First1KGreek/tlg0062/tlg017/1st1K-grc1/1/tf/1.0	Lucianus Samosatenus	Juppiter confutatus	tlg0062.tlg017.1st1K-grc1	section
corpora/greek_literature/First1KGreek/tlg0062/tlg018/1st1K-grc1/1/tf/1.0	Lucianus Samosatenus	Juppiter tragoedus	tlg0062.tlg018.1st1K-grc1	section
corpora/greek_literature/First1KGreek/tlg0062/tlg019/1st1K-grc1/1/tf/1.0	Lucianus Samosatenus	Gallus	tlg0062.tlg019.1st1K-grc1	section
corpora/greek_literature/First1KGreek/tlg0062/tlg020/1st1K-grc1/1/tf/1.0	Lucianus Samosatenus	Prometheus	tlg0062.tlg020.1st1K-grc1	section
corpora/greek_literature/First1KGreek/tlg0062/tlg021/1st1K-grc1/1/tf/1.0	Lucianus Samosatenus	Icaromenippus	tlg0062.tlg021.1st1K-grc1	section
corpora/greek_literature/First1KGreek/tlg0062/tlg022/1st1K-grc1/1/tf/1.0	Lucianus Samosatenus	Timon	tlg0062.tlg022.1st1K-grc1	section
corpora/greek_literature/First1KGreek/tlg0062/tlg023/1st1K-grc1/1/tf/1.0	Lucianus Samosatenus	Charon sive contemplantes	tlg0062.tlg023.1st1K-grc1	section
corpora/greek_literature/First1KGreek/tlg0062/tlg024/1st1K-grc1/1/tf/1.0	Lucianus Samosatenus	Vitarum auctio	tlg0062.tlg024.1st1K-grc1	section
corpora/greek_literature/First1KGreek/tlg0062/tlg025/1st1K-grc1/1/tf/1.0	Lucianus Samosatenus	Revivescentes sive piscator	tlg0062.tlg025.1st1K-grc1	section
corpora/greek_literature/First1KGreek/tlg0062/tlg026/1st1K-grc1/1/tf/1.0	Lucianus Samosatenus	Bis accusatus sive tribunalia	tlg0062.tlg026.1st1K-grc1	section
corpora/greek_literature/First1KGreek/tlg0062/tlg027/1st1K-grc1/1/tf/1.0	Lucianus Samosatenus	De sacrificiis	tlg0062.tlg027.1st1K-grc1	section
corpora/greek_literature/First1KGreek/tlg0062/tlg028/1st1K-grc1/1/tf/1.0	Lucianus Samosatenus	Adversus indoctum et libros multos ementem	tlg0062.tlg028.1st1K-grc1	section
corpora/greek_literature/First1KGreek/tlg0062/tlg029/1st1K-grc1/1/tf/1.0	Lucianus Samosatenus	Somnium sive vita Luciani	tlg0062.tlg029.1st1K-grc1	section
corpora/greek_literature/First1KGreek/tlg0062/tlg030/1st1K-grc1/1/tf/1.0	Lucianus Samosatenus	De parasito sive artem esse parasiticam	tlg0062.tlg030.1st1K-grc1	section
corpora/greek_literature/First1KGreek/tlg0062/tlg031/1st1K-grc1/1/tf/1.0	Lucianus Samosatenus	Philopseudes sive incredulus	tlg0062.tlg031.1st1K-grc1	section
corpora/greek_literature/First1KGreek/tlg0062/tlg032/1st1K-grc1/1/tf/1.0	Lucianus Samosatenus	Dearum judicium	tlg0062.tlg032.1st1K-grc1	section
corpora/greek_literature/First1KGreek/tlg0062/tlg033/1st1K-grc1/1/tf/1.0	Lucianus Samosatenus	De mercede conductis potentium familiaribus	tlg0062.tlg033.1st1K-grc1	section
corpora/greek_literature/First1KGreek/tlg0062/tlg034/1st1K-grc1/1/tf/1.0	Lucian of Samosata	Anacharsis	tlg0062.tlg034.1st1K-grc1	section
corpora/greek_literature/First1KGreek/tlg0062/tlg035/1st1K-grc1/1/tf/1.0	Lucian of Samosata	Menippus sive necyomantia, Menippus, or the Descent into Hades	tlg0062.tlg035.1st1K-grc1	section
corpora/greek_literature/First1KGreek/tlg0062/tlg036/1st1K-grc1/1/tf/1.0	Lucian of Samosata	De luctu, On Funerals	tlg0062.tlg036.1st1K-grc1	section
corpora/greek_literature/First1KGreek/tlg0062/tlg037/1st1K-grc1/1/tf/1.0	Lucian of Samosata	Rhetorum praeceptor, A Professor of Public Speaking	tlg0062.tlg037.1st1K-grc1	section
corpora/greek_literature/First1KGreek/tlg0062/tlg038/1st1K-grc1/1/tf/1.0	Lucian of Samosata	Alexander, Alexander the False Prophet	tlg0062.tlg038.1st1K-grc1	section
corpora/greek_literature/First1KGreek/tlg0062/tlg039/1st1K-grc1/1/tf/1.0	Lucian of Samosata	Imagines, Essays in Portraiture	tlg0062.tlg039.1st1K-grc1	section
corpora/greek_literature/First1KGreek/tlg0062/tlg040/1st1K-grc1/1/tf/1.0	Lucian of Samosata	Pro imaginibus, Essays in Portraiture Defended	tlg0062.tlg040.1st1K-grc1	section
corpora/greek_literature/First1KGreek/tlg0062/tlg041/1st1K-grc1/1/tf/1.0	Lucian of Samosata	De Syria dea, The Goddesse of Surrye	tlg0062.tlg041.1st1K-grc1	section
corpora/greek_literature/First1KGreek/tlg0062/tlg042/1st1K-grc1/1/tf/1.0	Lucianus Samosatenus	De morte Peregrini	tlg0062.tlg042.1st1K-grc1	section
corpora/greek_literature/First1KGreek/tlg0062/tlg043/1st1K-grc1/1/tf/1.0	Lucianus Samosatenus	Fugitivi	tlg0062.tlg043.1st1K-grc1	section
corpora/greek_literature/First1KGreek/tlg0062/tlg044/1st1K-grc1/1/tf/1.0	Lucianus Samosatenus	Toxaris vel amicitia	tlg0062.tlg044.1st1K-grc1	section
corpora/greek_literature/First1KGreek/tlg0062/tlg045/1st1K-grc1/1/tf/1.0	Lucianus Samosatenus	De saltatione	tlg0062.tlg045.1st1K-grc1	section
corpora/greek_literature/First1KGreek/tlg0062/tlg046/1st1K-grc1/1/tf/1.0	Lucianus Samosatenus	Lexiphanes	tlg0062.tlg046.1st1K-grc1	section
corpora/greek_literature/First1KGreek/tlg0062/tlg047/1st1K-grc1/1/tf/1.0	Lucianus Samosatenus	Eunuchus	tlg0062.tlg047.1st1K-grc1	section
corpora/greek_literature/First1KGreek/tlg0062/tlg048/1st1K-grc1/1/tf/1.0	Lucianus Samosatenus	De astrologia	tlg0062.tlg048.1st1K-grc1	section
corpora/greek_literature/First1KGreek/tlg0062/tlg049/1st1K-grc1/1/tf/1.0	Lucianus Samosatenus	Pseudologista	tlg0062.tlg049.1st1K-grc1	section
corpora/greek_literature/First1KGreek/tlg0062/tlg050/1st1K-grc1/1/tf/1.0	Lucianus Samosatenus	Deorum concilium	tlg0062.tlg050.1st1K-grc1	section
corpora/greek_literature/First1KGreek/tlg0062/tlg051/1st1K-grc1/1/tf/1.0	Lucianus Samosatenus	Tyrannicida	tlg0062.tlg051.1st1K-grc1	section
corpora/greek_literature/First1KGreek/tlg0062/tlg052/1st1K-grc1/1/tf/1.0	Lucianus Samosatenus	Abdicatus	tlg0062.tlg052.1st1K-grc1	section
corpora/greek_literature/First1KGreek/tlg0064/tlg001/1st1K-grc1/1/tf/1.0	Hanno	Periplus Hannonis	tlg0064.tlg001.1st1K-grc1	paragraph
corpora/greek_literature/First1KGreek/tlg0065/tlg001/1st1K-grc1/1/tf/1.0	Scylax	Periplus Scylacis	tlg0065.tlg001.1st1K-grc1	chapter,section
corpora/greek_literature/First1KGreek/tlg0066/tlg001/1st1K-grc1/1/tf/1.0	Ps. Dicaearchus	Dicaearchi, ut fertur, potius vero Athenaei Descriptionis Graeciae Fragmenta tria	tlg0066.tlg001.1st1K-grc1	fragment,paragraph
corpora/greek_literature/First1KGreek/tlg0067/tlg001/1st1K-grc1/1/tf/1.0	Agatharchides	Ex Agatharchidis De Maris Erythraeo Libri Excerpta	tlg0067.tlg001.1st1K-grc1	book,paragraph,section
corpora/greek_literature/First1KGreek/tlg0068/tlg001/1st1K-grc1/1/tf/1.0	Pseudo-Scymnus	Scymni Chii, ut fertur, Periegesis	tlg0068.tlg001.1st1K-grc1	section,section
corpora/greek_literature/First1KGreek/tlg0069/tlg001/1st1K-grc1/1/tf/1.0	Dionysius Calliphontis	Dionysii Calliphontis filii Descriptio Graeciae	tlg0069.tlg001.1st1K-grc1	section
corpora/greek_literature/First1KGreek/tlg0070/tlg001/1st1K-grc1/1/tf/1.0	Isidorus Characenus	Isidori Characeni Mansiones Parthicae	tlg0070.tlg001.1st1K-grc1	section,paragraph
corpora/greek_literature/First1KGreek/tlg0071/tlg001/1st1K-grc1/1/tf/1.0	Pseudo Arrianus	Anonymi (Arriani, ut fertur) periplus maris Erythraei	tlg0071.tlg001.1st1K-grc1	paragraph
corpora/greek_literature/First1KGreek/tlg0075/tlg001/1st1K-grc1/1/tf/1.0	Pseudo-Arrianus	Anonymi (Arriani, ut fertur) periplus ponti Euxini	tlg0075.tlg001.1st1K-grc1	section,paragraph
corpora/greek_literature/First1KGreek/tlg0077/tlg001/1st1K-grc1/1/tf/1.0	Anonymous	Stadiasmus Magni Maris	tlg0077.tlg001.1st1K-grc1	section,paragraph
corpora/greek_literature/First1KGreek/tlg0081/tlg006/1st1K-grc1/1/tf/1.0	Dionysius Halicarnassensis	De Demosthenis dictione	tlg0081.tlg006.1st1K-grc1	chapter
corpora/greek_literature/First1KGreek/tlg0081/tlg007/1st1K-grc1/1/tf/1.0	Dionysius Halicarnassensis	Libri secundi de antiquis oratoribus reliquiae	tlg0081.tlg007.1st1K-grc1	chapter
corpora/greek_literature/First1KGreek/tlg0082/tlg001/1st1K-grc1/1/tf/1.0	Apollonius, Dyscolus	De pronominibus	tlg0082.tlg001.1st1K-grc1	paragraph
corpora/greek_literature/First1KGreek/tlg0082/tlg002/1st1K-grc1/1/tf/1.0	Apollonius, Dyscolus	De adverbiis	tlg0082.tlg002.1st1K-grc1	paragraph
corpora/greek_literature/First1KGreek/tlg0082/tlg004/1st1K-grc1/1/tf/1.0	Apollonius, Dyscolus	De constructione	tlg0082.tlg004.1st1K-grc1	book,section
corpora/greek_literature/First1KGreek/tlg0083/tlg003/1st1K-grc1/1/tf/1.0	Dionysius of Byzantium	De Bospori Navigatione	tlg0083.tlg003.1st1K-grc1	fragment
corpora/greek_literature/First1KGreek/tlg0084/tlg001/1st1K-grc1/1/tf/1.0	Dionysius Periegetes	Orbis Descriptio	tlg0084.tlg001.1st1K-grc1	
corpora/greek_literature/First1KGreek/tlg0085/tlg001/opp-grc3/1/tf/1.0	Aeschylus	Ἱκέτιδες	tlg0085.tlg001.opp-grc3	card,strophe,ephymnion
corpora/greek_literature/First1KGreek/tlg0085/tlg002/opp-grc3/1/tf/1.0	Aeschylus	Περσαι	tlg0085.tlg002.opp-grc3	card,strophe,proode
corpora/greek_literature/First1KGreek/tlg0085/tlg003/opp-grc3/1/tf/1.0	Aeschylus	Προμηθευς δεσμωτης	tlg0085.tlg003.opp-grc3	card,strophe,antistrophe
corpora/greek_literature/First1KGreek/tlg0085/tlg004/opp-grc3/1/tf/1.0	Aeschylus	Ἑπτὰ ἐπὶ Θήβας	tlg0085.tlg004.opp-grc3	card,strophe,antistrophe
corpora/greek_literature/First1KGreek/tlg0085/tlg005/opp-grc3/1/tf/1.0	Aeschylus	Ἀγαμέμνων	tlg0085.tlg005.opp-grc3	card,strophe,ephymn
corpora/greek_literature/First1KGreek/tlg0085/tlg006/opp-grc3/1/tf/1.0	Aeschylus	Χοηφóρoι	tlg0085.tlg006.opp-grc3	card,strophe,ephymn
corpora/greek_literature/First1KGreek/tlg0085/tlg007/opp-grc3/1/tf/1.0	Aeschylus	Eumenides	tlg0085.tlg007.opp-grc3	card,strophe,ephymn
corpora/greek_literature/First1KGreek/tlg0086/tlg001/1st1K-grc1/1/tf/1.0	Aristotle	Analytica priora	tlg0086.tlg001.1st1K-grc1	book,part,chapter
corpora/greek_literature/First1KGreek/tlg0086/tlg001/1st1K-grc2/1/tf/1.0	Aristotle	Aristotelis Analytica Priora et Posteriora	tlg0086.tlg001.1st1K-grc2	book,part,chapter
corpora/greek_literature/First1KGreek/tlg0086/tlg002/1st1K-grc1/1/tf/1.0	Aristotle	De anima	tlg0086.tlg002.1st1K-grc1	book,chapter
corpora/greek_literature/First1KGreek/tlg0086/tlg002/1st1K-grc2/1/tf/1.0	Aristotle	De anima	tlg0086.tlg002.1st1K-grc2	book,chapter
corpora/greek_literature/First1KGreek/tlg0086/tlg003/1st1K-grc1/1/tf/1.0	Aristotle	Res Publica Atheniensium	tlg0086.tlg003.1st1K-grc1	paragraph
corpora/greek_literature/First1KGreek/tlg0086/tlg003/1st1K-grc2/1/tf/1.0	Aristotle	Fragmenta Deperditae Partis Primae	tlg0086.tlg003.1st1K-grc2	section
corpora/greek_literature/First1KGreek/tlg0086/tlg005/1st1K-grc1/1/tf/1.0	Aristotle	De caelo	tlg0086.tlg005.1st1K-grc1	book,chapter
corpora/greek_literature/First1KGreek/tlg0086/tlg006/1st1K-grc1/1/tf/1.0	Aristotle	Categoriae	tlg0086.tlg006.1st1K-grc1	chapter,section
corpora/greek_literature/First1KGreek/tlg0086/tlg008/1st1K-grc1/1/tf/1.0	Aristotle	De divinatione per somnum	tlg0086.tlg008.1st1K-grc1	chapter
corpora/greek_literature/First1KGreek/tlg0086/tlg013/1st1K-grc1/1/tf/1.0	Aristotle	De generatione et corruptione	tlg0086.tlg013.1st1K-grc1	book,chapter
corpora/greek_literature/First1KGreek/tlg0086/tlg013/1st1K-grc2/1/tf/1.0	Aristotle	De generatione et corruptione	tlg0086.tlg013.1st1K-grc2	book,chapter
corpora/greek_literature/First1KGreek/tlg0086/tlg014/1st1K-grc1/1/tf/1.0	Aristotle	Historia animalium	tlg0086.tlg014.1st1K-grc1	book,chapter
corpora/greek_literature/First1KGreek/tlg0086/tlg015/1st1K-grc1/1/tf/1.0	Aristoteles	De animalium motione	tlg0086.tlg015.1st1K-grc1	chapter
corpora/greek_literature/First1KGreek/tlg0086/tlg016/1st1K-grc1/1/tf/1.0	Aristotle	De insomniis	tlg0086.tlg016.1st1K-grc1	chapter
corpora/greek_literature/First1KGreek/tlg0086/tlg017/1st1K-grc1/1/tf/1.0	Aristotle	De interpretatione	tlg0086.tlg017.1st1K-grc1	chapter,section
corpora/greek_literature/First1KGreek/tlg0086/tlg018/1st1K-grc1/1/tf/1.0	Aristotle	De iuventute et senectute, De vita et morte	tlg0086.tlg018.1st1K-grc1	chapter
corpora/greek_literature/First1KGreek/tlg0086/tlg020/1st1K-grc1/1/tf/1.0	Aristotle	De longitudine et brevitate vitae	tlg0086.tlg020.1st1K-grc1	chapter
corpora/greek_literature/First1KGreek/tlg0086/tlg021/1st1K-grc1/1/tf/1.0	Aristoteles	De animalium incessu	tlg0086.tlg021.1st1K-grc1	chapter
corpora/greek_literature/First1KGreek/tlg0086/tlg022/1st1K-grc1/1/tf/1.0	Aristotle	Magna Moralia	tlg0086.tlg022.1st1K-grc1	book,chapter,section
corpora/greek_literature/First1KGreek/tlg0086/tlg024/1st1K-grc1/1/tf/1.0	Aristotle	De memoria et reminiscentia	tlg0086.tlg024.1st1K-grc1	chapter
corpora/greek_literature/First1KGreek/tlg0086/tlg026/1st1K-grc1/1/tf/1.0	Aristotle	Meteorologica	tlg0086.tlg026.1st1K-grc1	book,chapter
corpora/greek_literature/First1KGreek/tlg0086/tlg026/1st1K-grc2/1/tf/1.0	Aristotle	Meteorologica	tlg0086.tlg026.1st1K-grc2	book,chapter
corpora/greek_literature/First1KGreek/tlg0086/tlg030/1st1K-grc1/1/tf/1.0	Aristotle	De partibus animalium	tlg0086.tlg030.1st1K-grc1	book,chapter,section
corpora/greek_literature/First1KGreek/tlg0086/tlg031/1st1K-grc1/1/tf/1.0	Aristotle	Physica	tlg0086.tlg031.1st1K-grc1	book,chapter
corpora/greek_literature/First1KGreek/tlg0086/tlg034/1st1K-grc1/1/tf/1.0	Aristotle	Ars Poetica	tlg0086.tlg034.1st1K-grc1	chapter,section
corpora/greek_literature/First1KGreek/tlg0086/tlg037/1st1K-grc1/1/tf/1.0	Aristotle	De respiratione	tlg0086.tlg037.1st1K-grc1	chapter
corpora/greek_literature/First1KGreek/tlg0086/tlg040/1st1K-grc1/1/tf/1.0	Aristotle	De sophisticis elenchis	tlg0086.tlg040.1st1K-grc1	chapter,section
corpora/greek_literature/First1KGreek/tlg0086/tlg041/1st1K-grc1/1/tf/1.0	Aristotle	De sensu et sensibilibus	tlg0086.tlg041.1st1K-grc1	chapter,section
corpora/greek_literature/First1KGreek/tlg0086/tlg042/1st1K-grc1/1/tf/1.0	Aristotle	De somno et vigilia	tlg0086.tlg042.1st1K-grc1	chapter
corpora/greek_literature/First1KGreek/tlg0086/tlg043/1st1K-grc1/1/tf/1.0	Aristoteles	De spiritu	tlg0086.tlg043.1st1K-grc1	chapter
corpora/greek_literature/First1KGreek/tlg0086/tlg044/1st1K-grc1/1/tf/1.0	Aristotle	Topica	tlg0086.tlg044.1st1K-grc1	book,chapter
corpora/greek_literature/First1KGreek/tlg0086/tlg052/1st1K-grc1/1/tf/1.0	Aristotle	De anima (codicis E fragmenta recensionis a vulgata diversae)	tlg0086.tlg052.1st1K-grc1	chapter
corpora/greek_literature/First1KGreek/tlg0086/tlg054/1st1K-grc1/1/tf/1.0	Aristotle	Physica (textus alter)	tlg0086.tlg054.1st1K-grc1	section
corpora/greek_literature/First1KGreek/tlg0087/tlg004/1st1K-grc1/1/tf/1.0	Herodianus	Περὶ διχρόνων	tlg0087.tlg004.1st1K-grc1	paragraph
corpora/greek_literature/First1KGreek/tlg0087/tlg005/1st1K-grc1/1/tf/1.0	Herodianus	Περὶ πνευμάτων	tlg0087.tlg005.1st1K-grc1	book
corpora/greek_literature/First1KGreek/tlg0087/tlg006/1st1K-grc1/1/tf/1.0	Herodianus	Περὶ Ἀττικῆς προσῳδίας	tlg0087.tlg006.1st1K-grc1	book
corpora/greek_literature/First1KGreek/tlg0087/tlg007/1st1K-grc1/1/tf/1.0	Herodianus	Περὶ Ἰλιακῆς προσῳδίας	tlg0087.tlg007.1st1K-grc1	book,paragraph
corpora/greek_literature/First1KGreek/tlg0087/tlg008/1st1K-grc1/1/tf/1.0	Herodianus	Περὶ Ὀδυσσειακῆς προσῳδίας	tlg0087.tlg008.1st1K-grc1	book,paragraph
corpora/greek_literature/First1KGreek/tlg0087/tlg009/1st1K-grc1/1/tf/1.0	Herodianus	Περὶ παθῶν	tlg0087.tlg009.1st1K-grc1	paragraph
corpora/greek_literature/First1KGreek/tlg0087/tlg009a/1st1K-grc1/1/tf/1.0	Herodianus	Ἐκ τῶν Ἡρωδιανοῦ ὑπομνημάτων τῶν περὶ παθῶν Διδύμου	tlg0087.tlg009a.1st1K-grc1	paragraph
corpora/greek_literature/First1KGreek/tlg0087/tlg010/1st1K-grc1/1/tf/1.0	Herodianus	Περὶ συντάξεως τῶν στοιχείων	tlg0087.tlg010.1st1K-grc1	section
corpora/greek_literature/First1KGreek/tlg0087/tlg011/1st1K-grc1/1/tf/1.0	Herodianus	Περὶ ὀρθογραφίας	tlg0087.tlg011.1st1K-grc1	book,chapter,paragraph
corpora/greek_literature/First1KGreek/tlg0087/tlg012/1st1K-grc1/1/tf/1.0	Herodianus	Περὶ ὀνομάτων	tlg0087.tlg012.1st1K-grc1	section
corpora/greek_literature/First1KGreek/tlg0087/tlg013/1st1K-grc1/1/tf/1.0	Herodianus	Περὶ κλίσεως ὀνομάτων	tlg0087.tlg013.1st1K-grc1	chapter,section
corpora/greek_literature/First1KGreek/tlg0087/tlg014/1st1K-grc1/1/tf/1.0	Herodianus	Εἰς τὸ περὶ γενῶν Ἀπολλωνίου ὑπόμνημα	tlg0087.tlg014.1st1K-grc1	book
corpora/greek_literature/First1KGreek/tlg0087/tlg015/1st1K-grc1/1/tf/1.0	Herodianus	Μονόβιβλον περὶ τοῦ ὕδωρ	tlg0087.tlg015.1st1K-grc1	section
corpora/greek_literature/First1KGreek/tlg0087/tlg016/1st1K-grc1/1/tf/1.0	Herodianus	Περὶ τοῦ ζώς	tlg0087.tlg016.1st1K-grc1	section
corpora/greek_literature/First1KGreek/tlg0087/tlg017/1st1K-grc1/1/tf/1.0	Herodianus	Περὶ συζυγιῶν	tlg0087.tlg017.1st1K-grc1	section
corpora/greek_literature/First1KGreek/tlg0087/tlg018/1st1K-grc1/1/tf/1.0	Herodianus	Μονόβιβλον περὶ τοῦ μὴ πάντα τὰ ῥήματα κλίνεσθαι εἰς πάντας τοὺς χρόνους	tlg0087.tlg018.1st1K-grc1	section
corpora/greek_literature/First1KGreek/tlg0087/tlg019/1st1K-grc1/1/tf/1.0	Herodianus	Περὶ μετοχῶν	tlg0087.tlg019.1st1K-grc1	section
corpora/greek_literature/First1KGreek/tlg0087/tlg020/1st1K-grc1/1/tf/1.0	Herodianus	Μονόβιβλον περὶ τοῦ ἦν	tlg0087.tlg020.1st1K-grc1	section
corpora/greek_literature/First1KGreek/tlg0087/tlg021/1st1K-grc1/1/tf/1.0	Herodianus	Περὶ ῥημάτων	tlg0087.tlg021.1st1K-grc1	section,paragraph
corpora/greek_literature/First1KGreek/tlg0087/tlg022/1st1K-grc1/1/tf/1.0	Herodianus	Περὶ τῶν εἰς μι	tlg0087.tlg022.1st1K-grc1	section,paragraph
corpora/greek_literature/First1KGreek/tlg0087/tlg023/1st1K-grc1/1/tf/1.0	Herodianus	Περὶ ἀντωνυμιῶν	tlg0087.tlg023.1st1K-grc1	section
corpora/greek_literature/First1KGreek/tlg0087/tlg024/1st1K-grc1/1/tf/1.0	Herodianus	Περὶ ἐπιρρημάτων	tlg0087.tlg024.1st1K-grc1	section
corpora/greek_literature/First1KGreek/tlg0087/tlg025/1st1K-grc1/1/tf/1.0	Herodianus	Περὶ σχημάτων	tlg0087.tlg025.1st1K-grc1	section
corpora/greek_literature/First1KGreek/tlg0087/tlg026/1st1K-grc1/1/tf/1.0	Herodianus	Περὶ παρωνύμων	tlg0087.tlg026.1st1K-grc1	chapter,section
corpora/greek_literature/First1KGreek/tlg0087/tlg027/1st1K-grc1/1/tf/1.0	Herodianus	Περὶ ῥηματικῶν ὀνομάτων	tlg0087.tlg027.1st1K-grc1	section
corpora/greek_literature/First1KGreek/tlg0087/tlg028/1st1K-grc1/1/tf/1.0	Herodianus	Περὶ μονοσυλλάβων	tlg0087.tlg028.1st1K-grc1	section
corpora/greek_literature/First1KGreek/tlg0087/tlg029/1st1K-grc1/1/tf/1.0	Herodianus	Περὶ γάμου καὶ συμβιώσεως	tlg0087.tlg029.1st1K-grc1	section
corpora/greek_literature/First1KGreek/tlg0087/tlg030/1st1K-grc1/1/tf/1.0	Herodianus	Συμπόσιον	tlg0087.tlg030.1st1K-grc1	section
corpora/greek_literature/First1KGreek/tlg0087/tlg031/1st1K-grc1/1/tf/1.0	Herodianus	Προτάσεις	tlg0087.tlg031.1st1K-grc1	section
corpora/greek_literature/First1KGreek/tlg0087/tlg032/1st1K-grc1/1/tf/1.0	Herodianus	Εἰς τὴν Ἀπολλωνίου εἰσαγωγήν	tlg0087.tlg032.1st1K-grc1	section
corpora/greek_literature/First1KGreek/tlg0087/tlg033/1st1K-grc1/1/tf/1.0	Herodianus	Περὶ μονήρους λέξεως	tlg0087.tlg033.1st1K-grc1	book,paragraph
corpora/greek_literature/First1KGreek/tlg0088/tlg001/1st1K-grc1/1/tf/1.0	Aristoxenus	Elementa Harmonica	tlg0088.tlg001.1st1K-grc1	book,section
corpora/greek_literature/First1KGreek/tlg0090/tlg001/opp-grc10/1/tf/1.0	Agathemerus	Geographiae Informatio	tlg0090.tlg001.opp-grc10	chapter,section
corpora/greek_literature/First1KGreek/tlg0090/tlg001/opp-grc3/1/tf/1.0	Agathemerus	Geographiae Informatio	tlg0090.tlg001.opp-grc3	chapter,section
corpora/greek_literature/First1KGreek/tlg0090/tlg001/opp-grc6/1/tf/1.0	Agathemerus	Geographiae Informatio	tlg0090.tlg001.opp-grc6	chapter,section
corpora/greek_literature/First1KGreek/tlg0090/tlg001/opp-grc7/1/tf/1.0	Agathemerus	Geographiae Informatio	tlg0090.tlg001.opp-grc7	chapter,section,section
corpora/greek_literature/First1KGreek/tlg0090/tlg001/opp-grc9/1/tf/1.0	Agathemerus	Geographiae Informatio	tlg0090.tlg001.opp-grc9	chapter,section,section
corpora/greek_literature/First1KGreek/tlg0092/tlg001/1st1K-grc1/1/tf/1.0	Anonymous	Geographiae expositio compendiaria	tlg0092.tlg001.1st1K-grc1	chapter,section
corpora/greek_literature/First1KGreek/tlg0093/ogl001/1st1K-grc1/1/tf/1.0	Theophrastus	Concerning Odours	tlg0093.ogl001.1st1K-grc1	chapter,section
corpora/greek_literature/First1KGreek/tlg0093/ogl002/1st1K-grc1/1/tf/1.0	Theophrastus	Enquiry into Plants	tlg0093.ogl002.1st1K-grc1	chapter,section
corpora/greek_literature/First1KGreek/tlg0093/tlg001/1st1K-grc1/1/tf/1.0	Theophrastus	Enquiry into Plants, Historia plantarum	tlg0093.tlg001.1st1K-grc1	book,chapter,section
corpora/greek_literature/First1KGreek/tlg0093/tlg003/1st1K-grc1/1/tf/1.0	Theophrastus	De sensu et sensibilibus	tlg0093.tlg003.1st1K-grc1	fragment,chapter
corpora/greek_literature/First1KGreek/tlg0093/tlg004/1st1K-grc1/1/tf/1.0	Theophrastus	De lapidibus	tlg0093.tlg004.1st1K-grc1	fragment,chapter
corpora/greek_literature/First1KGreek/tlg0094/tlg001/1st1K-grc1/1/tf/1.0	Pseudo-Plutarch	De Fluviis	tlg0094.tlg001.1st1K-grc1	chapter,section
corpora/greek_literature/First1KGreek/tlg0096/tlg002/First1K-grc1/1/tf/1.0	Aesop	Fabulae	tlg0096.tlg002.First1K-grc1	fabula
corpora/greek_literature/First1KGreek/tlg0099/tlg001/1st1K-grc1/1/tf/1.0	Strabo	Strabonis Geographiae Chrestomathia, Geographia. Selections Chrestomathia	tlg0099.tlg001.1st1K-grc1	book,section
corpora/greek_literature/First1KGreek/tlg0317/tlg001/1st1K-grc1/1/tf/1.0	Acta Joannis	Acta Joannis	tlg0317.tlg001.1st1K-grc1	chapter
corpora/greek_literature/First1KGreek/tlg0317/tlg002/1st1K-grc1/1/tf/1.0	Acta Joannis	Acta Joannis (recenscio)	tlg0317.tlg002.1st1K-grc1	chapter
corpora/greek_literature/First1KGreek/tlg0357/tlg001/1st1K-grc1/1/tf/1.0	Didymus Alexandrinus	Mensurae marmorum ac lignorum	tlg0357.tlg001.1st1K-grc1	chapter
corpora/greek_literature/First1KGreek/tlg0357/tlg001/1st1K-grc2/1/tf/1.0	Didymus Alexandrinus	Mensuris marmorum	tlg0357.tlg001.1st1K-grc2	chapter
corpora/greek_literature/First1KGreek/tlg0358/tlg001/1st1K-grc1/1/tf/1.0	Nichomachus of Gerasa	Introductio arithmetica	tlg0358.tlg001.1st1K-grc1	chapter,section
corpora/greek_literature/First1KGreek/tlg0358/tlg002/opp-grc1/1/tf/1.0	Nichomachus Gerasenus	Harmonicum enchiridion	tlg0358.tlg002.opp-grc1	section
corpora/greek_literature/First1KGreek/tlg0358/tlg004/opp-grc1/1/tf/1.0	Nichomachus Gerasenus	Excerpta	tlg0358.tlg004.opp-grc1	fragment
corpora/greek_literature/First1KGreek/tlg0358/tlg005/1st1K-grc1/1/tf/1.0	Nicomachus Gerasenus	Problemata arithmetica	tlg0358.tlg005.1st1K-grc1	section
corpora/greek_literature/First1KGreek/tlg0361/tlg001/opp-grc1/1/tf/1.0	Cleonides	Introductio Harmonica	tlg0361.tlg001.opp-grc1	section
corpora/greek_literature/First1KGreek/tlg0362/tlg001/opp-grc1/1/tf/1.0	Carmina Delphis Inventa	Carmina Delphis Inventa	tlg0362.tlg001.opp-grc1	section,section
corpora/greek_literature/First1KGreek/tlg0363/tlg001/1st1K-grc1/1/tf/1.0	Claudius Ptolemaeus	Syntaxis mathematica	tlg0363.tlg001.1st1K-grc1	book,section
corpora/greek_literature/First1KGreek/tlg0363/tlg007/opp-grc2/1/tf/1.0	Claudius Ptolemaeus	Apotelesmatica (= Tetrabiblos)	tlg0363.tlg007.opp-grc2	book,chapter,section
corpora/greek_literature/First1KGreek/tlg0363/tlg011/opp-grc1/1/tf/1.0	Claudius Ptolemaeus	Musica	tlg0363.tlg011.opp-grc1	paragraph
corpora/greek_literature/First1KGreek/tlg0527/tlg001/opp-grc2/1/tf/1.0	Septuaginta	Genesis	tlg0527.tlg001.opp-grc2	chapter,verse
corpora/greek_literature/First1KGreek/tlg0527/tlg002/opp-grc2/1/tf/1.0	Septuaginta	Exodus	tlg0527.tlg002.opp-grc2	chapter,verse
corpora/greek_literature/First1KGreek/tlg0527/tlg003/opp-grc2/1/tf/1.0	Septuaginta	Leviticus	tlg0527.tlg003.opp-grc2	chapter,verse
corpora/greek_literature/First1KGreek/tlg0527/tlg004/opp-grc2/1/tf/1.0	Septuaginta	Numeri	tlg0527.tlg004.opp-grc2	chapter,verse
corpora/greek_literature/First1KGreek/tlg0527/tlg005/opp-grc2/1/tf/1.0	Septuaginta	Deuteronomium	tlg0527.tlg005.opp-grc2	chapter,verse
corpora/greek_literature/First1KGreek/tlg0527/tlg006/opp-grc2/1/tf/1.0	Septuaginta	Josue (Cod. Vaticanus + Cod. Alexandrinus)	tlg0527.tlg006.opp-grc2	chapter,verse
corpora/greek_literature/First1KGreek/tlg0527/tlg008/opp-grc2/1/tf/1.0	Septuaginta	Judices (Cod. Alexandrinus)	tlg0527.tlg008.opp-grc2	chapter,verse
corpora/greek_literature/First1KGreek/tlg0527/tlg010/opp-grc2/1/tf/1.0	Septuaginta	Ruth	tlg0527.tlg010.opp-grc2	chapter,verse
corpora/greek_literature/First1KGreek/tlg0527/tlg011/opp-grc2/1/tf/1.0	Septuaginta	Regnorum I (Samuelis I in textu Masoretico)	tlg0527.tlg011.opp-grc2	chapter,verse
corpora/greek_literature/First1KGreek/tlg0527/tlg012/opp-grc2/1/tf/1.0	Septuaginta	Regnorum II (Samuelis II In Textu Masoretico)	tlg0527.tlg012.opp-grc2	chapter,verse
corpora/greek_literature/First1KGreek/tlg0527/tlg013/opp-grc2/1/tf/1.0	Septuaginta	Regnorum III (Regum I in textu Masoretico)	tlg0527.tlg013.opp-grc2	chapter,verse
corpora/greek_literature/First1KGreek/tlg0527/tlg014/opp-grc2/1/tf/1.0	Septuaginta	Regnorum IV (Regum II in textu Masoretico)	tlg0527.tlg014.opp-grc2	chapter,verse
corpora/greek_literature/First1KGreek/tlg0527/tlg015/1st1K-grc1/1/tf/1.0	Septuaginta	Paralipomenon I sive Chronicon I	tlg0527.tlg015.1st1K-grc1	chapter,verse
corpora/greek_literature/First1KGreek/tlg0527/tlg016/1st1K-grc1/1/tf/1.0	Septuaginta	Paralipomenon II sive Chronicon II	tlg0527.tlg016.1st1K-grc1	chapter,verse
corpora/greek_literature/First1KGreek/tlg0527/tlg017/1st1K-grc1/1/tf/1.0	Septuaginta	Esdras A	tlg0527.tlg017.1st1K-grc1	chapter,verse
corpora/greek_literature/First1KGreek/tlg0527/tlg018/1st1K-grc1/1/tf/1.0	Septuaginta	Esdras B	tlg0527.tlg018.1st1K-grc1	chapter,verse
corpora/greek_literature/First1KGreek/tlg0527/tlg019/1st1K-grc1/1/tf/1.0	Septuaginta	Esther	tlg0527.tlg019.1st1K-grc1	chapter,verse
corpora/greek_literature/First1KGreek/tlg0527/tlg020/1st1K-grc1/1/tf/1.0	Septuaginta	Judith	tlg0527.tlg020.1st1K-grc1	chapter,verse
corpora/greek_literature/First1KGreek/tlg0527/tlg021/1st1K-grc1/1/tf/1.0	Septuaginta	Tobias	tlg0527.tlg021.1st1K-grc1	chapter,verse
corpora/greek_literature/First1KGreek/tlg0527/tlg023/1st1K-grc1/1/tf/1.0	Septuaginta	Machabaeorum i	tlg0527.tlg023.1st1K-grc1	chapter,verse
corpora/greek_literature/First1KGreek/tlg0527/tlg024/1st1K-grc1/1/tf/1.0	Septuaginta	Machabaeorum ii	tlg0527.tlg024.1st1K-grc1	chapter,verse
corpora/greek_literature/First1KGreek/tlg0527/tlg025/1st1K-grc1/1/tf/1.0	Septuaginta	Machabaeorum iii	tlg0527.tlg025.1st1K-grc1	chapter,verse
corpora/greek_literature/First1KGreek/tlg0527/tlg026/1st1K-grc1/1/tf/1.0	Septuaginta	Machabaeorum iv	tlg0527.tlg026.1st1K-grc1	chapter,verse
corpora/greek_literature/First1KGreek/tlg0527/tlg027/1st1K-grc1/1/tf/1.0	Septuaginta	Psalmi	tlg0527.tlg027.1st1K-grc1	chapter,verse
corpora/greek_literature/First1KGreek/tlg0527/tlg028/1st1K-grc1/1/tf/1.0	Septuaginta	Odae	tlg0527.tlg028.1st1K-grc1	chapter,verse
corpora/greek_literature/First1KGreek/tlg0527/tlg029/1st1K-grc1/1/tf/1.0	Septuaginta	Proverbia	tlg0527.tlg029.1st1K-grc1	chapter,verse
corpora/greek_literature/First1KGreek/tlg0527/tlg031/1st1K-grc1/1/tf/1.0	Septuaginta	Canticum	tlg0527.tlg031.1st1K-grc1	chapter,verse
corpora/greek_literature/First1KGreek/tlg0527/tlg032/1st1K-grc1/1/tf/1.0	Septuaginta	Job	tlg0527.tlg032.1st1K-grc1	chapter,verse
corpora/greek_literature/First1KGreek/tlg0527/tlg033/1st1K-grc1/1/tf/1.0	Septuaginta	Sapientia Salomonis	tlg0527.tlg033.1st1K-grc1	chapter,verse
corpora/greek_literature/First1KGreek/tlg0527/tlg034/1st1K-grc1/1/tf/1.0	Septuaginta	Ecclesiasticus	tlg0527.tlg034.1st1K-grc1	chapter,verse
corpora/greek_literature/First1KGreek/tlg0527/tlg034/opp-grc2/1/tf/1.0	Septuaginta	Ecclesiasticus	tlg0527.tlg034.opp-grc2	chapter,verse
corpora/greek_literature/First1KGreek/tlg0527/tlg035/1st1K-grc1/1/tf/1.0	Septuaginta	Psalmi Salomonis	tlg0527.tlg035.1st1K-grc1	chapter,verse
corpora/greek_literature/First1KGreek/tlg0527/tlg036/1st1K-grc1/1/tf/1.0	Septuaginta	Osee	tlg0527.tlg036.1st1K-grc1	chapter,verse
corpora/greek_literature/First1KGreek/tlg0527/tlg037/1st1K-grc1/1/tf/1.0	Septuaginta	Amos	tlg0527.tlg037.1st1K-grc1	chapter,verse
corpora/greek_literature/First1KGreek/tlg0527/tlg038/1st1K-grc1/1/tf/1.0	Septuaginta	Michaeas	tlg0527.tlg038.1st1K-grc1	chapter,verse
corpora/greek_literature/First1KGreek/tlg0527/tlg039/1st1K-grc1/1/tf/1.0	Septuaginta	Joel	tlg0527.tlg039.1st1K-grc1	chapter,verse
corpora/greek_literature/First1KGreek/tlg0527/tlg040/1st1K-grc1/1/tf/1.0	Septuaginta	Abdias	tlg0527.tlg040.1st1K-grc1	chapter,verse
corpora/greek_literature/First1KGreek/tlg0527/tlg041/1st1K-grc1/1/tf/1.0	Septuaginta	Jonas	tlg0527.tlg041.1st1K-grc1	chapter,verse
corpora/greek_literature/First1KGreek/tlg0527/tlg042/1st1K-grc1/1/tf/1.0	Septuaginta	Nahum	tlg0527.tlg042.1st1K-grc1	chapter,verse
corpora/greek_literature/First1KGreek/tlg0527/tlg043/1st1K-grc1/1/tf/1.0	Septuaginta	Habacuc	tlg0527.tlg043.1st1K-grc1	chapter,verse
corpora/greek_literature/First1KGreek/tlg0527/tlg044/1st1K-grc1/1/tf/1.0	Septuaginta	Sophonias	tlg0527.tlg044.1st1K-grc1	chapter,verse
corpora/greek_literature/First1KGreek/tlg0527/tlg045/1st1K-grc1/1/tf/1.0	Septuaginta	Aggaeus	tlg0527.tlg045.1st1K-grc1	chapter,verse
corpora/greek_literature/First1KGreek/tlg0527/tlg046/1st1K-grc1/1/tf/1.0	Septuaginta	Zacharias	tlg0527.tlg046.1st1K-grc1	chapter,verse
corpora/greek_literature/First1KGreek/tlg0527/tlg047/1st1K-grc1/1/tf/1.0	Septuaginta	Malachias	tlg0527.tlg047.1st1K-grc1	chapter,verse
corpora/greek_literature/First1KGreek/tlg0527/tlg048/1st1K-grc1/1/tf/1.0	Septuaginta	Isaias	tlg0527.tlg048.1st1K-grc1	chapter,verse
corpora/greek_literature/First1KGreek/tlg0527/tlg048/opp/1/tf/1.0	Anonymous	THE BOOK OF ISAIAH	tlg0527.tlg048.opp.grc2	chapter,section
corpora/greek_literature/First1KGreek/tlg0527/tlg048/opp-grc2/1/tf/1.0	Septuaginta	Isaias	tlg0527.tlg048.opp-grc2	chapter,verse
corpora/greek_literature/First1KGreek/tlg0527/tlg049/1st1K-grc1/1/tf/1.0	Septuaginta	Jeremias	tlg0527.tlg049.1st1K-grc1	chapter,verse
corpora/greek_literature/First1KGreek/tlg0527/tlg050/1st1K-grc1/1/tf/1.0	Septuaginta	Baruch	tlg0527.tlg050.1st1K-grc1	chapter,verse
corpora/greek_literature/First1KGreek/tlg0527/tlg051/1st1K-grc1/1/tf/1.0	Septuaginta	Threni seu Lamentationes	tlg0527.tlg051.1st1K-grc1	chapter,verse
corpora/greek_literature/First1KGreek/tlg0527/tlg052/1st1K-grc1/1/tf/1.0	Septuaginta	Epistula Jeremiae	tlg0527.tlg052.1st1K-grc1	verse
corpora/greek_literature/First1KGreek/tlg0527/tlg053/1st1K-grc1/1/tf/1.0	Septuaginta	Ezechiel	tlg0527.tlg053.1st1K-grc1	chapter,verse
corpora/greek_literature/First1KGreek/tlg0527/tlg054/1st1K-grc1/1/tf/1.0	Septuaginta	Susanna (translatio Graeca)	tlg0527.tlg054.1st1K-grc1	chapter,verse
corpora/greek_literature/First1KGreek/tlg0527/tlg055/1st1K-grc1/1/tf/1.0	Septuaginta	Susanna (Theodotionis versio)	tlg0527.tlg055.1st1K-grc1	chapter,verse
corpora/greek_literature/First1KGreek/tlg0527/tlg056/1st1K-grc1/1/tf/1.0	Septuaginta	Daniel (translatio Graeca)	tlg0527.tlg056.1st1K-grc1	chapter,verse
corpora/greek_literature/First1KGreek/tlg0527/tlg057/1st1K-grc1/1/tf/1.0	Septuaginta	Daniel (Theodotionis versio)	tlg0527.tlg057.1st1K-grc1	chapter,verse
corpora/greek_literature/First1KGreek/tlg0527/tlg058/1st1K-grc1/1/tf/1.0	Septuaginta	Bel et Draco (translatio Graeca)	tlg0527.tlg058.1st1K-grc1	chapter,verse
corpora/greek_literature/First1KGreek/tlg0527/tlg059/1st1K-grc1/1/tf/1.0	Septuaginta	Bel et Draco (Theodotionis versio)	tlg0527.tlg059.1st1K-grc1	chapter,verse
corpora/greek_literature/First1KGreek/tlg0530/tlg005/1st1K-grc1/1/tf/1.0	Pseudo-Galen	De fasciis	tlg0530.tlg005.1st1K-grc1	chapter
corpora/greek_literature/First1KGreek/tlg0530/tlg006/1st1K-grc1/1/tf/1.0	Pseudo-Galen	Ad Gaurum quomodo animetur fetus	tlg0530.tlg006.1st1K-grc1	chapter,section
corpora/greek_literature/First1KGreek/tlg0530/tlg012/1st1K-grc1/1/tf/1.0	Pseudo-Galen	Introductio seu medicus	tlg0530.tlg012.1st1K-grc1	chapter
corpora/greek_literature/First1KGreek/tlg0530/tlg029/1st1K-grc1/1/tf/1.0	Pseudo-Galen	De remediis parabilibus	tlg0530.tlg029.1st1K-grc1	book,chapter
corpora/greek_literature/First1KGreek/tlg0530/tlg032/1st1K-grc1/1/tf/1.0	Pseudo-Galen	De theriaca ad Pamphilianum	tlg0530.tlg032.1st1K-grc1	work
corpora/greek_literature/First1KGreek/tlg0530/tlg043/1st1K-grc1/1/tf/1.0	Pseudo-Galen	De optima secta ad Thrasybulum	tlg0530.tlg043.1st1K-grc1	chapter
corpora/greek_literature/First1KGreek/tlg0541/tlg042/1st1K-grc1/1/tf/1.0	Pseudo-Menander	Sententiae (corresponds to version Men Ar I) (Greek)	tlg0541.tlg042.1st1K-grc1	chapter,sentence
corpora/greek_literature/First1KGreek/tlg0541/tlg042/1st1K-grc2/1/tf/1.0	Pseudo-Menander	Sententiae (corresponds to version Men ar II) (Greek)	tlg0541.tlg042.1st1K-grc2	sentence
corpora/greek_literature/First1KGreek/tlg0541/tlg042/1st1K-grc3/1/tf/1.0	Pseudo-Menander	Sententiae (corresponds to quotes from Gregory Nazianzen, Carmen morale XXX) (Greek)	tlg0541.tlg042.1st1K-grc3	sentence
corpora/greek_literature/First1KGreek/tlg0542/tlg001/1st1K-grc1/1/tf/1.0	Julius Pollux	Onomasticon	tlg0542.tlg001.1st1K-grc1	book,section
corpora/greek_literature/First1KGreek/tlg0544/tlg001/opp-grc1/1/tf/1.0	Sextus Empiricus	Pyrrhoniae hypotyposes	tlg0544.tlg001.opp-grc1	book,section
corpora/greek_literature/First1KGreek/tlg0544/tlg001/opp-grc1/2/tf/1.0	Origenes	SEXTI EMPIRICI OPERA	tlg0544.tlg001.opp-grc1	book,section
corpora/greek_literature/First1KGreek/tlg0544/tlg001/opp-grc2/1/tf/1.0	Origenes	SEXTI EMPIRICI OPERA	tlg0544.tlg001.opp-grc2	section
corpora/greek_literature/First1KGreek/tlg0544/tlg002/opp-grc1/1/tf/1.0	Sextus Empiricus	Adversus mathematicos	tlg0544.tlg002.opp-grc1	book,section
corpora/greek_literature/First1KGreek/tlg0552/tlg001/1st1K-grc1/1/tf/1.0	Archimède	De sphaera et cylindro	tlg0552.tlg001.1st1K-grc1	book,chapter
corpora/greek_literature/First1KGreek/tlg0552/tlg002/1st1K-grc1/1/tf/1.0	Archimède	Dimensio circuli	tlg0552.tlg002.1st1K-grc1	chapter
corpora/greek_literature/First1KGreek/tlg0552/tlg003/1st1K-grc1/1/tf/1.0	Archimède	De conoidibus et sphaeroidibus	tlg0552.tlg003.1st1K-grc1	chapter
corpora/greek_literature/First1KGreek/tlg0552/tlg004/1st1K-grc1/1/tf/1.0	Archimède	De lineis spiralibus	tlg0552.tlg004.1st1K-grc1	chapter
corpora/greek_literature/First1KGreek/tlg0552/tlg005/1st1K-grc1/1/tf/1.0	Archimède	De planorum aequilibriis	tlg0552.tlg005.1st1K-grc1	book,chapter
corpora/greek_literature/First1KGreek/tlg0552/tlg006/1st1K-grc1/1/tf/1.0	Archimède	Arenarius	tlg0552.tlg006.1st1K-grc1	chapter
corpora/greek_literature/First1KGreek/tlg0552/tlg007/1st1K-grc1/1/tf/1.0	Archimède	Quadratura parabolae	tlg0552.tlg007.1st1K-grc1	chapter
corpora/greek_literature/First1KGreek/tlg0552/tlg008/1st1K-grc1/1/tf/1.0	Archimède	De corporibus fluitantibus	tlg0552.tlg008.1st1K-grc1	book,chapter
corpora/greek_literature/First1KGreek/tlg0552/tlg009/1st1K-grc1/1/tf/1.0	Archimède	Stomachion	tlg0552.tlg009.1st1K-grc1	chapter
corpora/greek_literature/First1KGreek/tlg0552/tlg010/1st1K-grc1/1/tf/1.0	Archimède	Ad Eratosthenem methodus	tlg0552.tlg010.1st1K-grc1	chapter
corpora/greek_literature/First1KGreek/tlg0552/tlg011/1st1K-grc1/1/tf/1.0	Archimède	Liber assumptorum	tlg0552.tlg011.1st1K-grc1	chapter
corpora/greek_literature/First1KGreek/tlg0552/tlg012/1st1K-grc1/1/tf/1.0	Archimède	Problema bovinum	tlg0552.tlg012.1st1K-grc1	chapter
corpora/greek_literature/First1KGreek/tlg0552/tlg013/1st1K-grc1/1/tf/1.0	Archimedes	Fragmenta	tlg0552.tlg013.1st1K-grc1	chapter,section
corpora/greek_literature/First1KGreek/tlg0553/tlg001/1st1K-grc1/1/tf/1.0	Artemidorus	Onirocriticon	tlg0553.tlg001.1st1K-grc1	book,section
corpora/greek_literature/First1KGreek/tlg0555/tlg001/opp-grc1/1/tf/1.0	Clement of Alexandria	Protrepticus	tlg0555.tlg001.opp-grc1	section,subsection,chapter
corpora/greek_literature/First1KGreek/tlg0555/tlg002/opp-grc1/1/tf/1.0	Clement of Alexandria	Paedagogus	tlg0555.tlg002.opp-grc1	book,chapter,subsection
corpora/greek_literature/First1KGreek/tlg0555/tlg004b/opp-grc1/1/tf/1.0	Clement of Alexandria	Stromata	tlg0555.tlg004b.opp-grc1	book,chapter,subsection
corpora/greek_literature/First1KGreek/tlg0555/tlg005/opp-grc1/1/tf/1.0	Clement of Alexandria	Eclogae propheticae	tlg0555.tlg005.opp-grc1	chapter,section,subsection
corpora/greek_literature/First1KGreek/tlg0555/tlg006/opp-grc1/1/tf/1.0	Clement of Alexandria	Quis dives salvetur	tlg0555.tlg006.opp-grc1	chapter,section,subsection
corpora/greek_literature/First1KGreek/tlg0555/tlg007/opp-grc1/1/tf/1.0	Clement of Alexandria	Excerpta ex Theodoto	tlg0555.tlg007.opp-grc1	chapter,section,subsection
corpora/greek_literature/First1KGreek/tlg0559/tlg001/1st1K-grc1/1/tf/1.0	Hero of Alexandria	Pneumatica	tlg0559.tlg001.1st1K-grc1	book,chapter
corpora/greek_literature/First1KGreek/tlg0559/tlg002/1st1K-grc1/1/tf/1.0	Hero of Alexandria	De automatis	tlg0559.tlg002.1st1K-grc1	book,chapter
corpora/greek_literature/First1KGreek/tlg0559/tlg004/1st1K-grc1/1/tf/1.0	Hero of Alexandria	Mechanicorum fragmenta	tlg0559.tlg004.1st1K-grc1	book,chapter
corpora/greek_literature/First1KGreek/tlg0559/tlg005/1st1K-grc1/1/tf/1.0	Hero of Alexandria	Catoptrica	tlg0559.tlg005.1st1K-grc1	chapter
corpora/greek_literature/First1KGreek/tlg0559/tlg006/1st1K-grc1/1/tf/1.0	Hero of Alexandria	Metrica	tlg0559.tlg006.1st1K-grc1	book,chapter
corpora/greek_literature/First1KGreek/tlg0559/tlg007/1st1K-grc1/1/tf/1.0	Hero of Alexandria	Dioptra	tlg0559.tlg007.1st1K-grc1	chapter
corpora/greek_literature/First1KGreek/tlg0559/tlg010/1st1K-grc1/1/tf/1.0	Hero of Alexandria	Stereometrica	tlg0559.tlg010.1st1K-grc1	book,chapter,section
corpora/greek_literature/First1KGreek/tlg0559/tlg011/1st1K-grc1/1/tf/1.0	Hero of Alexandria	De mensuris	tlg0559.tlg011.1st1K-grc1	chapter,section
corpora/greek_literature/First1KGreek/tlg0559/tlg012/1st1K-grc1/1/tf/1.0	Hero of Alexandria	Belopoeica	tlg0559.tlg012.1st1K-grc1	section
corpora/greek_literature/First1KGreek/tlg0559/tlg014/1st1K-grc1/1/tf/1.0	Hero of Alexandria	Fragmenta Heroniana	tlg0559.tlg014.1st1K-grc1	chapter,section
corpora/greek_literature/First1KGreek/tlg0559/tlg015/1st1K-grc1/1/tf/1.0	Hero of Alexandria	Geodaesia [Sp.]	tlg0559.tlg015.1st1K-grc1	chapter,section
corpora/greek_literature/First1KGreek/tlg0559/tlg016/1st1K-grc1/1/tf/1.0	Heronis Alexandrini	Liber geeponicus [Sp.]	tlg0559.tlg016.1st1K-grc1	chapter
corpora/greek_literature/First1KGreek/tlg0563/tlg001/1st1K-grc1/1/tf/1.0	Maximus of Tyre	Dialexeis	tlg0563.tlg001.1st1K-grc1	book,section,subsection
corpora/greek_literature/First1KGreek/tlg0565/tlg001/1st1K-grc1/1/tf/1.0	Soranus	Gynaeciorum Libri IV	tlg0565.tlg001.1st1K-grc1	book,chapter
corpora/greek_literature/First1KGreek/tlg0565/tlg002/1st1K-grc1/1/tf/1.0	Soranus	De signis Fracturarum	tlg0565.tlg002.1st1K-grc1	paragraph
corpora/greek_literature/First1KGreek/tlg0565/tlg003/1st1K-grc1/1/tf/1.0	Soranus	De Fasciis	tlg0565.tlg003.1st1K-grc1	section
corpora/greek_literature/First1KGreek/tlg0565/tlg004/1st1K-grc1/1/tf/1.0	Soranus	Vita Hippocratis Secundum Soranum	tlg0565.tlg004.1st1K-grc1	section
corpora/greek_literature/First1KGreek/tlg0591/1st1K001/1st1K-grc1/1/tf/1.0	Antisthenes	Ajax, Αιας	tlg0591.1st1K001.1st1K-grc1	section
corpora/greek_literature/First1KGreek/tlg0591/1st1K002/1st1K-grc1/1/tf/1.0	Antisthenes	Odysseus, ΟΔΥΣΣΕΥΣ	tlg0591.1st1K002.1st1K-grc1	section
corpora/greek_literature/First1KGreek/tlg0592/tlg001/1st1K-grc1/1/tf/1.0	Hermogenes	Progymnasmata [Dub.]	tlg0592.tlg001.1st1K-grc1	section
corpora/greek_literature/First1KGreek/tlg0592/tlg002/1st1K-grc1/1/tf/1.0	Hermogenes	Περὶ τῶν στάσεων	tlg0592.tlg002.1st1K-grc1	section,paragraph
corpora/greek_literature/First1KGreek/tlg0592/tlg003/1st1K-grc1/1/tf/1.0	Hermogenes	Περὶ εὑρέσεως	tlg0592.tlg003.1st1K-grc1	chapter,section
corpora/greek_literature/First1KGreek/tlg0592/tlg004/1st1K-grc1/1/tf/1.0	Hermogenes	Περὶ ἰδεῶν λόγου	tlg0592.tlg004.1st1K-grc1	book,section,paragraph
corpora/greek_literature/First1KGreek/tlg0592/tlg005/1st1K-grc1/1/tf/1.0	Hermogenes	Περὶ μεθόδου δεινότητος	tlg0592.tlg005.1st1K-grc1	section
corpora/greek_literature/First1KGreek/tlg0593/1st1K001/1st1K-grc1/1/tf/1.0	Gorgias of Leontini	Encomium of Helen, ΕΛΕΝΗΣ ΕΓΚΩΜΙΟΝ	tlg0593.1st1K001.1st1K-grc1	section
corpora/greek_literature/First1KGreek/tlg0593/1st1K002/1st1K-grc1/1/tf/1.0	Gorgias of Leontini	Defense of Palamedes, ΥΠΕΡ ΠΑΛΑΜΗΔΟΥΣ ΑΠΟΛΟΓΙΑ	tlg0593.1st1K002.1st1K-grc1	section
corpora/greek_literature/First1KGreek/tlg0606/tlg001/1st1K-grc1/1/tf/1.0	Rufus Soph	Ars rhetorica	tlg0606.tlg001.1st1K-grc1	chapter,section
corpora/greek_literature/First1KGreek/tlg0607/tlg001/1st1K-grc1/1/tf/1.0	Aelius Theon	Progymnasmata	tlg0607.tlg001.1st1K-grc1	chapter
corpora/greek_literature/First1KGreek/tlg0610/perseus002/perseus-grc1/1/tf/1.0	Alcidamas	Peri Sophiston	tlg0610.perseus002.perseus-grc1	chapter
corpora/greek_literature/First1KGreek/tlg0610/tlg001/opp-grc1/1/tf/1.0	Alcidamas	Odysseus	tlg0610.tlg001.opp-grc1	fragment,section,section
corpora/greek_literature/First1KGreek/tlg0614/tlg001/1st1K-grc1/1/tf/1.0	Babrius	Fabulae Aesopeae	tlg0614.tlg001.1st1K-grc1	book,chapter,section
corpora/greek_literature/First1KGreek/tlg0614/tlg001/1st1K-grc2/1/tf/1.0	Babrius	Fabulae Aesopeae	tlg0614.tlg001.1st1K-grc2	book,chapter,section
corpora/greek_literature/First1KGreek/tlg0615/tlg001/opp-grc1/1/tf/1.0	Aspasius	In Ethica Nicomachea paraphrasis	tlg0615.tlg001.opp-grc1	chapter
corpora/greek_literature/First1KGreek/tlg0616/tlg001/1st1K-grc1/1/tf/1.0	Polyaenus	Strategemata	tlg0616.tlg001.1st1K-grc1	book,section
corpora/greek_literature/First1KGreek/tlg0616/tlg002/1st1K-grc1/1/tf/1.0	Polyaenus	Excerpta Polyaeni	tlg0616.tlg002.1st1K-grc1	section
corpora/greek_literature/First1KGreek/tlg0627/tlg001/1st1K-grc1/1/tf/1.0	Hippocrates	De prisca medicina	tlg0627.tlg001.1st1K-grc1	chapter
corpora/greek_literature/First1KGreek/tlg0627/tlg002/1st1K-grc1/1/tf/1.0	Hippocrates	De aere, aquis, locis	tlg0627.tlg002.1st1K-grc1	chapter
corpora/greek_literature/First1KGreek/tlg0627/tlg003/1st1K-grc1/1/tf/1.0	Hippocrates	Prognosticon	tlg0627.tlg003.1st1K-grc1	chapter
corpora/greek_literature/First1KGreek/tlg0627/tlg004/1st1K-grc1/1/tf/1.0	Hippocrates	De diaeta in morbis acutis	tlg0627.tlg004.1st1K-grc1	chapter
corpora/greek_literature/First1KGreek/tlg0627/tlg005/1st1K-grc1/1/tf/1.0	Hippocrates	De diaeta acutorum (spurium)	tlg0627.tlg005.1st1K-grc1	chapter
corpora/greek_literature/First1KGreek/tlg0627/tlg006/1st1K-grc1/1/tf/1.0	Hippocrates	Epidemiarum	tlg0627.tlg006.1st1K-grc1	book,chapter,section
corpora/greek_literature/First1KGreek/tlg0627/tlg007/1st1K-grc1/1/tf/1.0	Hippocrates	De capitis vulneribus	tlg0627.tlg007.1st1K-grc1	chapter
corpora/greek_literature/First1KGreek/tlg0627/tlg008/1st1K-grc1/1/tf/1.0	Hippocrates	De officina medici	tlg0627.tlg008.1st1K-grc1	chapter
corpora/greek_literature/First1KGreek/tlg0627/tlg009/1st1K-grc1/1/tf/1.0	Hippocrates	De fracturis	tlg0627.tlg009.1st1K-grc1	chapter
corpora/greek_literature/First1KGreek/tlg0627/tlg010/1st1K-grc1/1/tf/1.0	Hippocrates	De articulis	tlg0627.tlg010.1st1K-grc1	chapter
corpora/greek_literature/First1KGreek/tlg0627/tlg011/1st1K-grc1/1/tf/1.0	Hippocrates	Vectiarius	tlg0627.tlg011.1st1K-grc1	chapter
corpora/greek_literature/First1KGreek/tlg0627/tlg012/1st1K-grc1/1/tf/1.0	Hippocrates	Aphorismi	tlg0627.tlg012.1st1K-grc1	book,aphorism
corpora/greek_literature/First1KGreek/tlg0627/tlg013/1st1K-grc1/1/tf/1.0	Hippocrates	Iusiurandum	tlg0627.tlg013.1st1K-grc1	chapter
corpora/greek_literature/First1KGreek/tlg0627/tlg014/1st1K-grc1/1/tf/1.0	Hippocrates	Lex	tlg0627.tlg014.1st1K-grc1	chapter
corpora/greek_literature/First1KGreek/tlg0627/tlg015/1st1K-grc1/1/tf/1.0	Hippocrates	De humoribus	tlg0627.tlg015.1st1K-grc1	chapter
corpora/greek_literature/First1KGreek/tlg0627/tlg016/1st1K-grc1/1/tf/1.0	Hippocrates	Prorrheticon I	tlg0627.tlg016.1st1K-grc1	book,chapter
corpora/greek_literature/First1KGreek/tlg0627/tlg017/1st1K-grc1/1/tf/1.0	Hippocrates	Coa praesagia	tlg0627.tlg017.1st1K-grc1	chapter
corpora/greek_literature/First1KGreek/tlg0627/tlg018/1st1K-grc1/1/tf/1.0	Hippocrates	De arte	tlg0627.tlg018.1st1K-grc1	chapter
corpora/greek_literature/First1KGreek/tlg0627/tlg019/1st1K-grc1/1/tf/1.0	Hippocrates	De natura hominis	tlg0627.tlg019.1st1K-grc1	chapter
corpora/greek_literature/First1KGreek/tlg0627/tlg020/1st1K-grc1/1/tf/1.0	Hippocrates	De salubri diaeta	tlg0627.tlg020.1st1K-grc1	chapter
corpora/greek_literature/First1KGreek/tlg0627/tlg021/1st1K-grc1/1/tf/1.0	Hippocrates	De flatibus	tlg0627.tlg021.1st1K-grc1	chapter
corpora/greek_literature/First1KGreek/tlg0627/tlg022/1st1K-grc1/1/tf/1.0	Hippocrates	De liquidorum usu	tlg0627.tlg022.1st1K-grc1	chapter
corpora/greek_literature/First1KGreek/tlg0627/tlg023/1st1K-grc1/1/tf/1.0	Hippocrates	De morbis I	tlg0627.tlg023.1st1K-grc1	book,chapter
corpora/greek_literature/First1KGreek/tlg0627/tlg024a/1st1K-grc1/1/tf/1.0	Hippocrates	De genitura	tlg0627.tlg024a.1st1K-grc1	chapter
corpora/greek_literature/First1KGreek/tlg0627/tlg024b/1st1K-grc1/1/tf/1.0	Hippocrates	De natura pueri	tlg0627.tlg024b.1st1K-grc1	chapter
corpora/greek_literature/First1KGreek/tlg0627/tlg025/1st1K-grc1/1/tf/1.0	Hippocrates	De affectionibus	tlg0627.tlg025.1st1K-grc1	chapter
corpora/greek_literature/First1KGreek/tlg0627/tlg026/1st1K-grc1/1/tf/1.0	Hippocrates	De locis in homine	tlg0627.tlg026.1st1K-grc1	chapter
corpora/greek_literature/First1KGreek/tlg0627/tlg027/1st1K-grc1/1/tf/1.0	Hippocrates	De morbo sacro	tlg0627.tlg027.1st1K-grc1	chapter
corpora/greek_literature/First1KGreek/tlg0627/tlg028/1st1K-grc1/1/tf/1.0	Hippocrates	De ulceribus	tlg0627.tlg028.1st1K-grc1	chapter
corpora/greek_literature/First1KGreek/tlg0627/tlg029/1st1K-grc1/1/tf/1.0	Hippocrates	De haemorrhoidibus	tlg0627.tlg029.1st1K-grc1	chapter
corpora/greek_literature/First1KGreek/tlg0627/tlg030/1st1K-grc1/1/tf/1.0	Hippocrates	De fistulis	tlg0627.tlg030.1st1K-grc1	chapter
corpora/greek_literature/First1KGreek/tlg0627/tlg031/1st1K-grc1/1/tf/1.0	Hippocrates	De diaeta	tlg0627.tlg031.1st1K-grc1	book,chapter
corpora/greek_literature/First1KGreek/tlg0627/tlg032/1st1K-grc1/1/tf/1.0	Hippocrates	De affectionibus interioribus	tlg0627.tlg032.1st1K-grc1	chapter
corpora/greek_literature/First1KGreek/tlg0627/tlg033/1st1K-grc1/1/tf/1.0	Hippocrates	De natura muliebri	tlg0627.tlg033.1st1K-grc1	chapter
corpora/greek_literature/First1KGreek/tlg0627/tlg035/1st1K-grc1/1/tf/1.0	Hippocrates	De octimestri partu	tlg0627.tlg035.1st1K-grc1	chapter
corpora/greek_literature/First1KGreek/tlg0627/tlg036/1st1K-grc1/1/tf/1.0	Hippocrates	De muliebribus	tlg0627.tlg036.1st1K-grc1	book,chapter
corpora/greek_literature/First1KGreek/tlg0627/tlg037/1st1K-grc1/1/tf/1.0	Hippocrates	De virginum morbis	tlg0627.tlg037.1st1K-grc1	chapter
corpora/greek_literature/First1KGreek/tlg0627/tlg038/1st1K-grc1/1/tf/1.0	Hippocrates	De superfoetatione	tlg0627.tlg038.1st1K-grc1	chapter
corpora/greek_literature/First1KGreek/tlg0627/tlg039/1st1K-grc1/1/tf/1.0	Hippocrates	De exsectione foetus	tlg0627.tlg039.1st1K-grc1	chapter
corpora/greek_literature/First1KGreek/tlg0627/tlg040/1st1K-grc1/1/tf/1.0	Hippocrates	De anatomia	tlg0627.tlg040.1st1K-grc1	work
corpora/greek_literature/First1KGreek/tlg0627/tlg041/1st1K-grc1/1/tf/1.0	Hippocrates	De dentitione	tlg0627.tlg041.1st1K-grc1	section
corpora/greek_literature/First1KGreek/tlg0627/tlg042/1st1K-grc1/1/tf/1.0	Hippocrates	De glandulis	tlg0627.tlg042.1st1K-grc1	chapter
corpora/greek_literature/First1KGreek/tlg0627/tlg043/1st1K-grc1/1/tf/1.0	Hippocrates	De carnibus	tlg0627.tlg043.1st1K-grc1	chapter
corpora/greek_literature/First1KGreek/tlg0627/tlg045/1st1K-grc1/1/tf/1.0	Hippocrates	De corde	tlg0627.tlg045.1st1K-grc1	chapter
corpora/greek_literature/First1KGreek/tlg0627/tlg046/1st1K-grc1/1/tf/1.0	Hippocrates	De alimento	tlg0627.tlg046.1st1K-grc1	section
corpora/greek_literature/First1KGreek/tlg0627/tlg047/1st1K-grc1/1/tf/1.0	Hippocrates	De visu	tlg0627.tlg047.1st1K-grc1	chapter
corpora/greek_literature/First1KGreek/tlg0627/tlg048/1st1K-grc1/1/tf/1.0	Hippocrates	De natura ossium	tlg0627.tlg048.1st1K-grc1	chapter
corpora/greek_literature/First1KGreek/tlg0627/tlg049/1st1K-grc1/1/tf/1.0	Hippocrates	De medico	tlg0627.tlg049.1st1K-grc1	chapter
corpora/greek_literature/First1KGreek/tlg0627/tlg050/1st1K-grc1/1/tf/1.0	Hippocrates	De habitu decenti	tlg0627.tlg050.1st1K-grc1	chapter
corpora/greek_literature/First1KGreek/tlg0627/tlg051/1st1K-grc1/1/tf/1.0	Hippocrates	Praeceptiones	tlg0627.tlg051.1st1K-grc1	chapter
corpora/greek_literature/First1KGreek/tlg0627/tlg052/1st1K-grc1/1/tf/1.0	Hippocrates	De crisibus	tlg0627.tlg052.1st1K-grc1	chapter
corpora/greek_literature/First1KGreek/tlg0627/tlg053/1st1K-grc1/1/tf/1.0	Hippocrates	De diebus criticis	tlg0627.tlg053.1st1K-grc1	chapter
corpora/greek_literature/First1KGreek/tlg0627/tlg055/1st1K-grc1/1/tf/1.0	Hippocrates	Epistulae, Decretum, Orationes	tlg0627.tlg055.1st1K-grc1	chapter
corpora/greek_literature/First1KGreek/tlg0640/tlg001/First1K-grc1/1/tf/1.0	Alciphron	Epistulae	tlg0640.tlg001.First1K-grc1	book,section
corpora/greek_literature/First1KGreek/tlg0643/opp003/1st1K-grc1/1/tf/1.0	Origen	Supplementum Aristotelicum	tlg0643.opp003.1st1K-grc1	section
corpora/greek_literature/First1KGreek/tlg0643/tlg001/1st1K-grc1/1/tf/1.0	Anonymus Londinensis	Iatrica	tlg0643.tlg001.1st1K-grc1	section
corpora/greek_literature/First1KGreek/tlg0643/tlg001/1st1K-grc2/1/tf/1.0	Hermannus Diels	Sigla to Anonymus Londinensis Iatrica	tlg0643.tlg001.1st1K-grc2	commentary,sigla
corpora/greek_literature/First1KGreek/tlg0643/tlg002/1st1K-grc1/1/tf/1.0	Hermannus Diels	Anonymus Londinensis Fragmenta	tlg0643.tlg002.1st1K-grc1	section
corpora/greek_literature/First1KGreek/tlg0644/tlg001/1st1K-grc1/1/tf/1.0	Aristophanes of Byzantium	Historiae Animalium Epitome	tlg0644.tlg001.1st1K-grc1	chapter,section
corpora/greek_literature/First1KGreek/tlg0645/tlg001/opp-grc1/1/tf/1.0	Justinus Martyr	Apologia	tlg0645.tlg001.opp-grc1	chapter
corpora/greek_literature/First1KGreek/tlg0645/tlg002/opp-grc1/1/tf/1.0	Justinus Martyr	Apologia Secunda	tlg0645.tlg002.opp-grc1	chapter
corpora/greek_literature/First1KGreek/tlg0645/tlg002/perseus-grc2/1/tf/1.0	Justin Martyr	Apology II	tlg0645.tlg002.perseus-grc2	chapter
corpora/greek_literature/First1KGreek/tlg0645/tlg003/perseus-grc2/1/tf/1.0	Justinus Martyr	Dialogus cum Tryphone	tlg0645.tlg003.perseus-grc2	chapter,section
corpora/greek_literature/First1KGreek/tlg0646/tlg004/1st1K-grc1/1/tf/1.0	Pseudo-Justinus Martyr	Epistula ad Diognetum	tlg0646.tlg004.1st1K-grc1	chapter,section
corpora/greek_literature/First1KGreek/tlg0656/tlg001/1st1K-grc1/1/tf/1.0	Dioscurides Pedianus	De materia medica	tlg0656.tlg001.1st1K-grc1	book,chapter,section
corpora/greek_literature/First1KGreek/tlg0657/tlg001/1st1K-grc1/1/tf/1.0	Crateuas	Fragmenta	tlg0657.tlg001.1st1K-grc1	chapter,section
corpora/greek_literature/First1KGreek/tlg0658/tlg001/perseus-grc1/1/tf/1.0	Heliodorus of Emesa	Aethiopica	tlg0658.tlg001.perseus-grc1	book,chapter
corpora/greek_literature/First1KGreek/tlg0671/tlg001/1st1K-grc1/1/tf/1.0	Philumenus	De venenatis animalibus eorumque remediis	tlg0671.tlg001.1st1K-grc1	chapter,section
corpora/greek_literature/First1KGreek/tlg0708/tlg001/1st1K-grc1/1/tf/1.0	Ammonius Grammaticus	De adfinium vocabulorum differentia, ΠΕΡΙ ΟΜΟΙΩΝ ΚΑΙ ΔΙΑΦΟΡΩΝ ΛΕΞΕΩΝ	tlg0708.tlg001.1st1K-grc1	chapter,section
corpora/greek_literature/First1KGreek/tlg0731/tlg001/1st1K-grc1/1/tf/1.0	Adamantius Judaeus	Physiognomonica	tlg0731.tlg001.1st1K-grc1	book,section
corpora/greek_literature/First1KGreek/tlg0731/tlg003/1st1K-grc1/1/tf/1.0	Adamantius	Physiognomonica (epitome Matritensis)	tlg0731.tlg003.1st1K-grc1	book,section
corpora/greek_literature/First1KGreek/tlg0732/tlg001/1st1K-grc1/1/tf/1.0	Alexander of Aphrodisias	De mixtione	tlg0732.tlg001.1st1K-grc1	section
corpora/greek_literature/First1KGreek/tlg0732/tlg004/opp-grc1/1/tf/1.0	Alexander of Aphrodisias	In Aristotelis metaphysica commentaria	tlg0732.tlg004.opp-grc1	chapter,volume
corpora/greek_literature/First1KGreek/tlg0732/tlg004/opp-grc1/2/tf/1.0	Seniores Apud Irenaeum	Commentaria in Aristotelem Graeca	tlg0732.tlg004.opp-grc1	chapter,volume
corpora/greek_literature/First1KGreek/tlg0732/tlg005/opp-grc1/1/tf/1.0	Alexander of Aphrodisias	In Aristotelis analyticorum priorum librum I commentarium	tlg0732.tlg005.opp-grc1	
corpora/greek_literature/First1KGreek/tlg0732/tlg005/opp-grc1/2/tf/1.0	Seniores Apud Irenaeum	Commentaria in Aristotelem Graeca	tlg0732.tlg005.opp-grc1	section
corpora/greek_literature/First1KGreek/tlg0732/tlg006/opp-grc1/1/tf/1.0	Alexander of Aphrodisias	In Aristotelis topicorum libros octo commentaria	tlg0732.tlg006.opp-grc1	chapter
corpora/greek_literature/First1KGreek/tlg0732/tlg006/opp-grc1/2/tf/1.0	Seniores Apud Irenaeum	Commentaria in Aristotelem Graeca	tlg0732.tlg006.opp-grc1	chapter
corpora/greek_literature/First1KGreek/tlg0732/tlg007/opp-grc1/1/tf/1.0	Alexander of Aphrodisias	In Librum De Sensu Commentarium	tlg0732.tlg007.opp-grc1	chapter
corpora/greek_literature/First1KGreek/tlg0732/tlg007/opp-grc1/2/tf/1.0	Seniores Apud Irenaeum	Commentaria in Aristotelem Graeca	tlg0732.tlg007.opp-grc1	chapter
corpora/greek_literature/First1KGreek/tlg0732/tlg008/opp-grc1/1/tf/1.0	Alexander of Aphrodisias	In Aristotelis Meteorologicorum Libros Commentaria	tlg0732.tlg008.opp-grc1	chapter
corpora/greek_literature/First1KGreek/tlg0732/tlg008/opp-grc1/2/tf/1.0	Seniores Apud Irenaeum	Commentaria in Aristotelem Graeca	tlg0732.tlg008.opp-grc1	chapter
corpora/greek_literature/First1KGreek/tlg0732/tlg010/1st1K-grc1/1/tf/1.0	Alexander of Aphrodisias	De anima	tlg0732.tlg010.1st1K-grc1	work,paragraph
corpora/greek_literature/First1KGreek/tlg0732/tlg011/1st1K-grc1/1/tf/1.0	Alexander of Aphrodisias	De anima libri mantissa	tlg0732.tlg011.1st1K-grc1	section,sentence
corpora/greek_literature/First1KGreek/tlg0732/tlg012/1st1K-grc1/1/tf/1.0	Alexander of Aphrodisias	Ἀπορίαι καὶ λύσεις [Sp.]	tlg0732.tlg012.1st1K-grc1	book,chapter,section
corpora/greek_literature/First1KGreek/tlg0732/tlg012/opp-grc1/1/tf/1.0	Alexander of Aphrodisias	Quaestiones	tlg0732.tlg012.opp-grc1	quaestio,essay
corpora/greek_literature/First1KGreek/tlg0732/tlg013/1st1K-grc1/1/tf/1.0	Alexander of Aphrodisias	Ἠθικὰ προβλήματα [Sp.]	tlg0732.tlg013.1st1K-grc1	chapter
corpora/greek_literature/First1KGreek/tlg0732/tlg014/1st1K-grc1/1/tf/1.0	Alexander of Aphrodisias	De fato	tlg0732.tlg014.1st1K-grc1	section
corpora/greek_literature/First1KGreek/tlg0732/tlgX01/opp-grc1/1/tf/1.0	Alexander of Aphrodisias	In Aristotelis Sophisticos Elenchos Commentarius [Sp.]	tlg0732.tlgX01.opp-grc1	
corpora/greek_literature/First1KGreek/tlg0732/tlgX01/opp-grc1/2/tf/1.0	Seniores Apud Irenaeum	Commentaria in Aristotelem Graeca	tlg0732.tlgX01.opp-grc1	section
corpora/greek_literature/First1KGreek/tlg0751/tlg034/1st1K-grc1/1/tf/1.0	Pseudo-Hippocrates	De septimestri partu	tlg0751.tlg034.1st1K-grc1	chapter
corpora/greek_literature/First1KGreek/tlg1126/tlg003/1st1K-grc1/1/tf/1.0	Anubion	Fragmenta	tlg1126.tlg003.1st1K-grc1	work
corpora/greek_literature/First1KGreek/tlg1181/tlg001/1st1K-grc1/1/tf/1.0	Aristarchus of Samos	De magnitudinibus et distantiis solis et lunae	tlg1181.tlg001.1st1K-grc1	chapter
corpora/greek_literature/First1KGreek/tlg1205/tlg001/perseus-grc1/1/tf/1.0	Athenagoras	Legatio sive Supplicatio pro Christianis	tlg1205.tlg001.perseus-grc1	chapter
corpora/greek_literature/First1KGreek/tlg1205/tlg001/perseus-grc2/1/tf/1.0	Athenagoras	Supplication pro Christianis	tlg1205.tlg001.perseus-grc2	chapter,section
corpora/greek_literature/First1KGreek/tlg1205/tlg002/perseus-grc1/1/tf/1.0	Athenagoras	De Resurrectione	tlg1205.tlg002.perseus-grc1	chapter
corpora/greek_literature/First1KGreek/tlg1205/tlg002/perseus-grc2/1/tf/1.0	Athenagoras	De resurrectione	tlg1205.tlg002.perseus-grc2	chapter,section
corpora/greek_literature/First1KGreek/tlg1210/tlg001/1st1K-grc1/1/tf/1.0	Autolycus	De Sphaera Quae Movetur	tlg1210.tlg001.1st1K-grc1	chapter,section
corpora/greek_literature/First1KGreek/tlg1210/tlg002/1st1K-grc1/1/tf/1.0	Autolycus	De Ortibus et Occasibus	tlg1210.tlg002.1st1K-grc1	book,chapter,section
corpora/greek_literature/First1KGreek/tlg1216/tlg001/opp-grc1/1/tf/1.0	Barnabas	Barnabae epistula	tlg1216.tlg001.opp-grc1	chapter,section
corpora/greek_literature/First1KGreek/tlg1220/tlg001/1st1K-grc1/1/tf/1.0	Scholia In Homerum	Batrachomyomachia	tlg1220.tlg001.1st1K-grc1	
corpora/greek_literature/First1KGreek/tlg1252/tlg002/1st1K-grc1/1/tf/1.0	Soranus	Certamen Homeri et Hesiodi	tlg1252.tlg002.1st1K-grc1	book
corpora/greek_literature/First1KGreek/tlg1271/tlg001/1st1K-grc1/1/tf/1.0	Clemens Romanus	Epistula I ad Corinthios	tlg1271.tlg001.1st1K-grc1	chapter,section
corpora/greek_literature/First1KGreek/tlg1271/tlg002/1st1K-grc1/1/tf/1.0	Clemens Romanus	Epistula II ad Corinthios	tlg1271.tlg002.1st1K-grc1	chapter,section
corpora/greek_literature/First1KGreek/tlg1272/tlg001/1st1K-grc1/1/tf/1.0	Cleomedes	De motu circulari corporum caelestium	tlg1272.tlg001.1st1K-grc1	book,chapter,paragraph
corpora/greek_literature/First1KGreek/tlg1311/tlg001/1st1K-grc1/1/tf/1.0	Anonymus	Didache XII Apostolorum	tlg1311.tlg001.1st1K-grc1	chapter,section
corpora/greek_literature/First1KGreek/tlg1329/tlg001/1st1K-grc1/1/tf/1.0	Dionysius Corinthius	Fragmenta	tlg1329.tlg001.1st1K-grc1	fragment
corpora/greek_literature/First1KGreek/tlg1337/tlg003/1st1K-grc1/1/tf/1.0	Dorotheus of Sidon	Fragmenta alia antiqua	tlg1337.tlg003.1st1K-grc1	section
corpora/greek_literature/First1KGreek/tlg1409/opp003/1st1K-grc1/1/tf/1.0	Heraclides Ponticus	Res Publica Atheniensium	tlg1409.opp003.1st1K-grc1	section,section
corpora/greek_literature/First1KGreek/tlg1419/tlg001/1st1K-grc1/1/tf/1.0	Hermas, 2Nd Cent	The Shepherd of Hermas	tlg1419.tlg001.1st1K-grc1	book,chapter,section
corpora/greek_literature/First1KGreek/tlg1431/tlg003/1st1K-grc1/1/tf/1.0	Hipparchus	In Arati et Eudoxi phaenomena commentariorum libri iii	tlg1431.tlg003.1st1K-grc1	book,chapter,section
corpora/greek_literature/First1KGreek/tlg1443/tlg004/1st1K-grc1/1/tf/1.0	Ignatius Antiochenus	Ad Ephesios (epist. 1)	tlg1443.tlg004.1st1K-grc1	chapter,section
corpora/greek_literature/First1KGreek/tlg1443/tlg005/1st1K-grc1/1/tf/1.0	Ignatius Antiochenus	Ad Magnesios (epist. 2)	tlg1443.tlg005.1st1K-grc1	chapter,section
corpora/greek_literature/First1KGreek/tlg1443/tlg006/1st1K-grc1/1/tf/1.0	Ignatius Antiochenus	Ad Trallianos (epist. 3)	tlg1443.tlg006.1st1K-grc1	chapter,section
corpora/greek_literature/First1KGreek/tlg1443/tlg007/1st1K-grc1/1/tf/1.0	Ignatius Antiochenus	Ad Romanos (epist. 4)	tlg1443.tlg007.1st1K-grc1	chapter,section
corpora/greek_literature/First1KGreek/tlg1443/tlg008/1st1K-grc1/1/tf/1.0	Ignatius Antiochenus	Ad Philadelphios (epist. 5)	tlg1443.tlg008.1st1K-grc1	chapter,section
corpora/greek_literature/First1KGreek/tlg1443/tlg009/1st1K-grc1/1/tf/1.0	Ignatius Antiochenus	Ad Smyrnaeos (epist. 6)	tlg1443.tlg009.1st1K-grc1	chapter,section
corpora/greek_literature/First1KGreek/tlg1443/tlg010/1st1K-grc1/1/tf/1.0	Ignatius Antiochenus	Ad Polycarpum (epist. 7)	tlg1443.tlg010.1st1K-grc1	chapter,section
corpora/greek_literature/First1KGreek/tlg1447/tlg001/1st1K-grc1/1/tf/1.0	Irenaeus	Libros quinque adversus haereses	tlg1447.tlg001.1st1K-grc1	chapter,section
corpora/greek_literature/First1KGreek/tlg1463/tlg001/1st1K-grc1/1/tf/1.0	Liber Enoch	Apocalypsis Enochi	tlg1463.tlg001.1st1K-grc1	chapter,verse
corpora/greek_literature/First1KGreek/tlg1463/tlg001/opp/1/tf/1.0	Seniores Apud Irenaeum	DAS BUCH HENOCH	tlg1463.tlg001.opp.grc1	chapter,section
corpora/greek_literature/First1KGreek/tlg1463/tlg001/opp-grc1/1/tf/1.0	Liber Enoch	Apocalypsis Enochi	tlg1463.tlg001.opp-grc1	chapter,section
corpora/greek_literature/First1KGreek/tlg1484/tlg001/1st1K-grc1/1/tf/1.0	Anonymous	Martyrium Polycarpi	tlg1484.tlg001.1st1K-grc1	chapter,section
corpora/greek_literature/First1KGreek/tlg1487/tlg001/1st1K-grc1/1/tf/1.0	Maximus, Astrologus	Περὶ καταρχῶν	tlg1487.tlg001.1st1K-grc1	chapter
corpora/greek_literature/First1KGreek/tlg1487/tlg002/1st1K-grc1/1/tf/1.0	Maximus, Astrologus	Περὶ καταρχῶν (epitome)	tlg1487.tlg002.1st1K-grc1	chapter
corpora/greek_literature/First1KGreek/tlg1551/tlg001/opp-grc1/1/tf/1.0	Oracula Sibyllina	Oracula	tlg1551.tlg001.opp-grc1	book
corpora/greek_literature/First1KGreek/tlg1551/tlg002/opp-grc1/1/tf/1.0	Oracula Sibyllina	Fragmenta	tlg1551.tlg002.opp-grc1	fragment
corpora/greek_literature/First1KGreek/tlg1595/tlg221/1st1K-grc1/1/tf/1.0	Philodemus	De Musica Librorum Quae Exstant	tlg1595.tlg221.1st1K-grc1	book,section
corpora/greek_literature/First1KGreek/tlg1595/tlg370/1st1K-grc1/1/tf/1.0	Philodemus	Volumina Rhetorica	tlg1595.tlg370.1st1K-grc1	book,fragment
corpora/greek_literature/First1KGreek/tlg1622/tlg001/1st1K-grc1/1/tf/1.0	Polycarp	Epistula ad Philippenses	tlg1622.tlg001.1st1K-grc1	chapter,section
corpora/greek_literature/First1KGreek/tlg1665/tlg001/1st1K-grc1/1/tf/1.0	Seniores Apud Irenaeum	Reliquiae plurium anonymorum	tlg1665.tlg001.1st1K-grc1	fragment
corpora/greek_literature/First1KGreek/tlg1701/tlg001/1st1K-grc1/1/tf/1.0	Testamentum Abrahamae	The Testament of Abraham Recension A	tlg1701.tlg001.1st1K-grc1	chapter
corpora/greek_literature/First1KGreek/tlg1701/tlg002/1st1K-grc1/1/tf/1.0	Testamentum Abrahamae	The Testament of Abraham Recension B	tlg1701.tlg002.1st1K-grc1	chapter
corpora/greek_literature/First1KGreek/tlg1724/tlg001/1st1K-grc1/1/tf/1.0	Theon Smyrnaeus	De utilitate mathematicae	tlg1724.tlg001.1st1K-grc1	paragraph
corpora/greek_literature/First1KGreek/tlg1725/tlg001/perseus-grc1/1/tf/1.0	Theophilus Antiochenus	Ad Autolycum	tlg1725.tlg001.perseus-grc1	book,section
corpora/greek_literature/First1KGreek/tlg1725/tlg001/perseus-grc2/1/tf/1.0	Theophilus Antiochenus	Ad Autolycum	tlg1725.tlg001.perseus-grc2	book,chapter
corpora/greek_literature/First1KGreek/tlg1764/tlg001/1st1K-grc1/1/tf/1.0	Vettius Valens	Anthologiarum libri ix	tlg1764.tlg001.1st1K-grc1	book,chapter,paragraph
corpora/greek_literature/First1KGreek/tlg1765/tlg003/1st1K-grc1/1/tf/1.0	Vitae Aesopi	Vita Aesopi Pl vel Accursiana (sub auctore Maximo Planude)(recensio 1)	tlg1765.tlg003.1st1K-grc1	chapter
corpora/greek_literature/First1KGreek/tlg1765/tlg004/1st1K-grc1/1/tf/1.0	Vitae Aesopi	Vita Aesopi (fort. auctore Aphthonio)	tlg1765.tlg004.1st1K-grc1	book
corpora/greek_literature/First1KGreek/tlg1765/tlg005/1st1K-grc1/1/tf/1.0	Vitae Aesopi	Βιβλίον μυθικὸν τοῦ Αἰσώπου	tlg1765.tlg005.1st1K-grc1	chapter
corpora/greek_literature/First1KGreek/tlg1766/tlg001/perseus-grc1/1/tf/1.0	Tatianus	Oratio ad Graecos	tlg1766.tlg001.perseus-grc1	chapter
corpora/greek_literature/First1KGreek/tlg1799/tlg007/First1K-grc1/1/tf/1.0	Euclid	Data	tlg1799.tlg007.First1K-grc1	section
corpora/greek_literature/First1KGreek/tlg1799/tlg008/First1K-grc1/1/tf/1.0	Euclid	Data (demonstrationes alterae)	tlg1799.tlg008.First1K-grc1	section,subsection
corpora/greek_literature/First1KGreek/tlg1799/tlg009/1st1K-grc1/1/tf/1.0	Euclides	Optica	tlg1799.tlg009.1st1K-grc1	chapter
corpora/greek_literature/First1KGreek/tlg1799/tlg010/1st1K-grc1/1/tf/1.0	Euclides	Opticorum recensio Theonis	tlg1799.tlg010.1st1K-grc1	chapter
corpora/greek_literature/First1KGreek/tlg1799/tlg011/1st1K-grc1/1/tf/1.0	Euclides	Catoptrica (recensio Theonis?)	tlg1799.tlg011.1st1K-grc1	chapter
corpora/greek_literature/First1KGreek/tlg1799/tlg012/1st1K-grc1/1/tf/1.0	Euclid	Phaenomena	tlg1799.tlg012.1st1K-grc1	chapter
corpora/greek_literature/First1KGreek/tlg1799/tlg013/1st1K-grc1/1/tf/1.0	Euclid	Phaenomena (recensio b)	tlg1799.tlg013.1st1K-grc1	work
corpora/greek_literature/First1KGreek/tlg1799/tlg014/1st1K-grc1/1/tf/1.0	Euclid	Phaenomena (demonstrationes alterae recensionis b)	tlg1799.tlg014.1st1K-grc1	chapter
corpora/greek_literature/First1KGreek/tlg1799/tlg015/1st1K-grc1/1/tf/1.0	Euclid	Sectio canonis [Sp.]	tlg1799.tlg015.1st1K-grc1	chapter
corpora/greek_literature/First1KGreek/tlg1799/tlg015/opp-grc1/1/tf/1.0	Euclid	Sectio canonis [Sp.]	tlg1799.tlg015.opp-grc1	section
corpora/greek_literature/First1KGreek/tlg1799/tlg016/1st1K-grc1/1/tf/1.0	Euclid	Fragmenta	tlg1799.tlg016.1st1K-grc1	chapter,section
corpora/greek_literature/First1KGreek/tlg1799/tlg017/1st1K-grc1/1/tf/1.0	Euclid	Epigramma	tlg1799.tlg017.1st1K-grc1	work
corpora/greek_literature/First1KGreek/tlg2000/tlg001/opp-grc2/1/tf/1.0	Plotinus	Enneades	tlg2000.tlg001.opp-grc2	book,chapter,section
corpora/greek_literature/First1KGreek/tlg2001/tlg038/opp-grc1/1/tf/1.0	Themistius	Analyticorum Posteriorum Paraphrasis	tlg2001.tlg038.opp-grc1	chapter
corpora/greek_literature/First1KGreek/tlg2001/tlg039/opp-grc1/1/tf/1.0	Themistius	In Aristotelis Physica Paraphrasis	tlg2001.tlg039.opp-grc1	chapter
corpora/greek_literature/First1KGreek/tlg2001/tlg040/opp-grc1/1/tf/1.0	Themistius	In libros Aristotelis de Anima paraphrasis	tlg2001.tlg040.opp-grc1	chapter
corpora/greek_literature/First1KGreek/tlg2001/tlg041/opp-grc1/1/tf/1.0	Themistius	(Sophoniae) In Parva Naturalia Commentarium	tlg2001.tlg041.opp-grc1	chapter
corpora/greek_literature/First1KGreek/tlg2001/tlg042/opp/1/tf/1.0	Origenes	Commentaria in Aristotelem Graeca	tlg2001.tlg042.opp.grc1	chapter
corpora/greek_literature/First1KGreek/tlg2001/tlg042/opp-grc1/1/tf/1.0	Themistius	Quae Fertur In Aristotelis Analyticorum Priorum Librum I	tlg2001.tlg042.opp-grc1	chapter
corpora/greek_literature/First1KGreek/tlg2001/tlg043/opp/1/tf/1.0	Origenes	COMMENTARIA IN ARISTOTELEM GRAECA	tlg2001.tlg043.opp.grc1	chapter
corpora/greek_literature/First1KGreek/tlg2001/tlg044/opp/1/tf/1.0	Origenes	COMMENTARIA IN ARISTOTELEM GRAECA	tlg2001.tlg044.opp.grc1	chapter
corpora/greek_literature/First1KGreek/tlg2018/tlg001/opp-grc1/1/tf/1.0	Eusebius	Praeperatio Evangelica	tlg2018.tlg001.opp-grc1	book,chapter,section
corpora/greek_literature/First1KGreek/tlg2018/tlg001/opp-grc1/2/tf/1.0	Anonymus Londinensis	EUSEBII CAESARIENSIS OPERA	tlg2018.tlg001.opp-grc1	book,chapter,section
corpora/greek_literature/First1KGreek/tlg2018/tlg002/opp-grc2/1/tf/1.0	Eusebius	Historia Ecclesiastica	tlg2018.tlg002.opp-grc2	book,chapter,section
corpora/greek_literature/First1KGreek/tlg2018/tlg002/opp-grc2/2/tf/1.0	Anonymus Londinensis	EUSEBII CAESARIENSIS OPERA	tlg2018.tlg002.opp-grc2	book,chapter,section
corpora/greek_literature/First1KGreek/tlg2018/tlg002/opp-grc3/1/tf/1.0	Eusebius	Historia Ecclesiastica	tlg2018.tlg002.opp-grc3	book,chapter
corpora/greek_literature/First1KGreek/tlg2018/tlg003/opp-grc1/1/tf/1.0	Eusebius	De Martyribus Palaestinae (Recensio Brevior)	tlg2018.tlg003.opp-grc1	chapter,section
corpora/greek_literature/First1KGreek/tlg2018/tlg005/opp-grc1/1/tf/1.0	Eusebius	Demonstratio Evangelica	tlg2018.tlg005.opp-grc1	book,chapter,section
corpora/greek_literature/First1KGreek/tlg2018/tlg009/opp-grc1/1/tf/1.0	Eusebius	De Ecclesiastica Theologia	tlg2018.tlg009.opp-grc1	book,chapter,section
corpora/greek_literature/First1KGreek/tlg2018/tlg010/opp/1/tf/1.0	Anonymus Londinensis	EUSEBIUS WERKE	tlg2018.tlg010.opp.grc1	fragment
corpora/greek_literature/First1KGreek/tlg2018/tlg010/opp-grc1/1/tf/1.0	Eusebius	De Theophania (Fragmenta)	tlg2018.tlg010.opp-grc1	fragment
corpora/greek_literature/First1KGreek/tlg2018/tlg011/opp-grc1/1/tf/1.0	Eusebius	Onomasticon	tlg2018.tlg011.opp-grc1	section
corpora/greek_literature/First1KGreek/tlg2018/tlg020/opp-grc1/1/tf/1.0	Eusebius	Vita Constantini	tlg2018.tlg020.opp-grc1	book,chapter,section
corpora/greek_literature/First1KGreek/tlg2018/tlg020/opp-grc1/2/tf/1.0	Anonymus Londinensis	EUSEBIUS WERKE	tlg2018.tlg020.opp-grc1	book,chapter,section
corpora/greek_literature/First1KGreek/tlg2018/tlg020a/opp-grc1/1/tf/1.0	Origenes	EUSEBIUS WERKE	tlg2018.tlg020a.opp-grc1	book
corpora/greek_literature/First1KGreek/tlg2018/tlg021/opp-grc1/1/tf/1.0	Eusebius	Constantini imperatoris oratio ad coetum sanctorum	tlg2018.tlg021.opp-grc1	chapter,section
corpora/greek_literature/First1KGreek/tlg2018/tlg021a/opp-grc1/1/tf/1.0	Anonymus Londinensis	EUSEBIUS WERKE	tlg2018.tlg021a.opp-grc1	book
corpora/greek_literature/First1KGreek/tlg2018/tlg021a/opp-grc2/1/tf/1.0	Anonymus Londinensis	EUSEBIUS WERKE	tlg2018.tlg021a.opp-grc2	book,chapter,section
corpora/greek_literature/First1KGreek/tlg2018/tlg022/opp-grc1/1/tf/1.0	Eusebius	De laudibus Constantini	tlg2018.tlg022.opp-grc1	chapter,section
corpora/greek_literature/First1KGreek/tlg2021/tlg001/opp-grc1/1/tf/1.0	Epiphanius	Ancoratus	tlg2021.tlg001.opp-grc1	chapter,letter,section
corpora/greek_literature/First1KGreek/tlg2021/tlg001/opp-grc1/2/tf/1.0	Anonymous	EPIPHANIUS	tlg2021.tlg001.opp-grc1	chapter,letter,section
corpora/greek_literature/First1KGreek/tlg2021/tlg002/opp-grc1/1/tf/1.0	Epiphanius	Panarion (Adversus haereses)	tlg2021.tlg002.opp-grc1	haeresis,chapter,section
corpora/greek_literature/First1KGreek/tlg2021/tlg002/opp-grc1/2/tf/1.0	Anonymous	EPIPHANIUS	tlg2021.tlg002.opp-grc1	haeresis,chapter,section
corpora/greek_literature/First1KGreek/tlg2021/tlg003/opp-grc1/1/tf/1.0	Epiphanius	Anacephalaeosis [Sp.]	tlg2021.tlg003.opp-grc1	haeresis,section
corpora/greek_literature/First1KGreek/tlg2021/tlg003/opp-grc1/2/tf/1.0	Anonymous	EPIPHANIUS	tlg2021.tlg003.opp-grc1	haeresis,section
corpora/greek_literature/First1KGreek/tlg2022/tlg003/opp-grc1/1/tf/1.0	Gregorius Nazianzenus	Christus patiens [Dub.] (fort. auctore Constantino Manasse)	tlg2022.tlg003.opp-grc1	section
corpora/greek_literature/First1KGreek/tlg2022/tlg007/opp-grc1/1/tf/1.0	Gregorius Nazianzenus	Adversus Eunomianos (orat. 27)	tlg2022.tlg007.opp-grc1	chapter
corpora/greek_literature/First1KGreek/tlg2022/tlg008/opp-grc1/1/tf/1.0	Gregorius Nazianzenus	De Theologia (Orat. 28)	tlg2022.tlg008.opp-grc1	chapter
corpora/greek_literature/First1KGreek/tlg2022/tlg009/opp-grc1/1/tf/1.0	Gregorius Nazianzenus	De Filio (Orat. 29)	tlg2022.tlg009.opp-grc1	chapter
corpora/greek_literature/First1KGreek/tlg2022/tlg010/opp-grc1/1/tf/1.0	Gregorius Nazianzenus	De Filio (Orat. 30)	tlg2022.tlg010.opp-grc1	chapter
corpora/greek_literature/First1KGreek/tlg2022/tlg011/opp-grc1/1/tf/1.0	Gregorius Nazianzenus	De Spiritu Sancto (Orat. 31)	tlg2022.tlg011.opp-grc1	chapter
corpora/greek_literature/First1KGreek/tlg2022/tlg060/1st1K-grc1/1/tf/1.0	Pseudo-Menander, Gregory Nazianzus	Sententiae = (Carmen morale XXX)	tlg2022.tlg060.1st1K-grc1	sentence
corpora/greek_literature/First1KGreek/tlg2023/tlg002/1st1K-grc1/1/tf/1.0	Iamblichus	Protrepticus	tlg2023.tlg002.1st1K-grc1	chapter,section
corpora/greek_literature/First1KGreek/tlg2027/tlg001/1st1K-grc1/1/tf/1.0	Valerius Apsines	Ars rhetorica	tlg2027.tlg001.1st1K-grc1	chapter,paragraph
corpora/greek_literature/First1KGreek/tlg2027/tlg002/1st1K-grc1/1/tf/1.0	Valerius Apsines	Περὶ τῶν ἐσχηματισμένων προβλημάτων	tlg2027.tlg002.1st1K-grc1	paragraph
corpora/greek_literature/First1KGreek/tlg2029/tlg001/1st1K-grc1/1/tf/1.0	Anonymous	Anonymi summaria ratio geographiae in sphaera intelligendae	tlg2029.tlg001.1st1K-grc1	chapter,section
corpora/greek_literature/First1KGreek/tlg2032/tlg001/1st1K-grc1/1/tf/1.0	Pappus Alexandrinus	Synagoge	tlg2032.tlg001.1st1K-grc1	book,chapter
corpora/greek_literature/First1KGreek/tlg2034/tlg002/1st1K-grc1/1/tf/1.0	Porphyrius	Vita Pythagorae	tlg2034.tlg002.1st1K-grc1	section
corpora/greek_literature/First1KGreek/tlg2034/tlg003/1st1K-grc1/1/tf/1.0	Porphyrius	De abstinentia	tlg2034.tlg003.1st1K-grc1	book,section
corpora/greek_literature/First1KGreek/tlg2034/tlg005/1st1K-grc1/1/tf/1.0	Porphyrius	Ad Marcellam	tlg2034.tlg005.1st1K-grc1	section
corpora/greek_literature/First1KGreek/tlg2034/tlg006/opp-grc1/1/tf/1.0	Porphyrius	Isagoge sive quinque voces	tlg2034.tlg006.opp-grc1	chapter
corpora/greek_literature/First1KGreek/tlg2034/tlg007/opp-grc1/1/tf/1.0	Porphyrius	In Aristotelis categorias expositio per interrogationem et responsionem	tlg2034.tlg007.opp-grc1	chapter
corpora/greek_literature/First1KGreek/tlg2034/tlg014/1st1K-grc1/1/tf/1.0	Porphyry	Quaestionum Homericanum ad Iliadem pertinentium reliquiae	tlg2034.tlg014.1st1K-grc1	chapter,section
corpora/greek_literature/First1KGreek/tlg2034/tlg015/1st1K-grc1/1/tf/1.0	Porphyry	Zetemata codicis Vaticani	tlg2034.tlg015.1st1K-grc1	chapter,section
corpora/greek_literature/First1KGreek/tlg2034/tlg027/1st1K-grc1/1/tf/1.0	Porphyrius	Historia philosophiae (fragmenta)	tlg2034.tlg027.1st1K-grc1	book,chapter
corpora/greek_literature/First1KGreek/tlg2035/tlg003/opp-grc1/1/tf/1.0	Athanasius of Alexandria	De decretis Nicaenae synodi (Chapters 41 and 42)	tlg2035.tlg003.opp-grc1	chapter,section
corpora/greek_literature/First1KGreek/tlg2035/tlg117/1st1K-grc1/1/tf/1.0	Athanasius	Oratio quarta contra Arianos [Sp.]	tlg2035.tlg117.1st1K-grc1	chapter
corpora/greek_literature/First1KGreek/tlg2035/tlg130/1st1K-grc1/1/tf/1.0	Athanasius	Oratio I contra Arianos	tlg2035.tlg130.1st1K-grc1	chapter
corpora/greek_literature/First1KGreek/tlg2035/tlg131/1st1K-grc1/1/tf/1.0	Athanasius	Oratio II contra Arianos	tlg2035.tlg131.1st1K-grc1	chapter
corpora/greek_literature/First1KGreek/tlg2035/tlg132/1st1K-grc1/1/tf/1.0	Athanasius	Oratio III contra Arianos	tlg2035.tlg132.1st1K-grc1	chapter
corpora/greek_literature/First1KGreek/tlg2036/tlg001/opp-grc1/1/tf/1.0	Dexippus	In Aristotelis categorias commentarium	tlg2036.tlg001.opp-grc1	chapter
corpora/greek_literature/First1KGreek/tlg2036/tlg001/opp-grc1/2/tf/1.0	Origenes	Commentaria in Aristotelem Graeca	tlg2036.tlg001.opp-grc1	chapter
corpora/greek_literature/First1KGreek/tlg2039/tlg003/1st1K-grc1/1/tf/1.0	Diophantus Alexandrinus	Fragmentum [Sp.] (e cod. Paris. suppl. gr. 387, fol. 181r)	tlg2039.tlg003.1st1K-grc1	paragraph
corpora/greek_literature/First1KGreek/tlg2039/tlg004/1st1K-grc1/1/tf/1.0	Diophantus Alexandrinus	Fragmentum [Sp.] (e cod. Paris. 453)	tlg2039.tlg004.1st1K-grc1	paragraph
corpora/greek_literature/First1KGreek/tlg2039/tlg005/1st1K-grc1/1/tf/1.0	Diophantus Alexandrinus	Fragmentum [Sp.] (e cod. Paris. gr. 2448)	tlg2039.tlg005.1st1K-grc1	paragraph
corpora/greek_literature/First1KGreek/tlg2041/tlg001/opp-grc1/1/tf/1.0	Marcellus	Fragmenta	tlg2041.tlg001.opp-grc1	fragment
corpora/greek_literature/First1KGreek/tlg2042/tlg001/perseus-grc1/1/tf/1.0	Origenes	Contra Celsum	tlg2042.tlg001.perseus-grc1	book,chapter
corpora/greek_literature/First1KGreek/tlg2042/tlg005/opp-grc1/1/tf/1.0	Origenes	Commentarii in Evangelium Joannis	tlg2042.tlg005.opp-grc1	book,section,fragment
corpora/greek_literature/First1KGreek/tlg2042/tlg006/opp-grc1/1/tf/1.0	Origenes	Fragmenta In Evangelium Joannis (In Catenis)	tlg2042.tlg006.opp-grc1	fragment
corpora/greek_literature/First1KGreek/tlg2042/tlg007/perseus-grc1/1/tf/1.0	Origenes	Exhortatio ad martyrium	tlg2042.tlg007.perseus-grc1	chapter
corpora/greek_literature/First1KGreek/tlg2042/tlg008/perseus-grc1/1/tf/1.0	Origenes	De oratione	tlg2042.tlg008.perseus-grc1	chapter,section
corpora/greek_literature/First1KGreek/tlg2042/tlg009/opp-grc1/1/tf/1.0	Origenes	In Jeremiam (Homiliae 1-11)	tlg2042.tlg009.opp-grc1	homilia,section
corpora/greek_literature/First1KGreek/tlg2042/tlg010/opp-grc1/1/tf/1.0	Origenes	Fragmenta In Jeremiam (in Catenis)	tlg2042.tlg010.opp-grc1	fragment
corpora/greek_literature/First1KGreek/tlg2042/tlg011/opp-grc1/1/tf/1.0	Origenes	Fragmenta In Lamentationes (In Catenis de Prophetis)	tlg2042.tlg011.opp-grc1	fragment
corpora/greek_literature/First1KGreek/tlg2042/tlg012/opp-grc1/1/tf/1.0	Origenes	Fragmentum in Lamentationes (In Catenis de Octateucho)	tlg2042.tlg012.opp-grc1	fragment
corpora/greek_literature/First1KGreek/tlg2042/tlg013/opp-grc1/1/tf/1.0	Origenes	De Engastrimytho	tlg2042.tlg013.opp-grc1	section
corpora/greek_literature/First1KGreek/tlg2042/tlg014/opp-grc1/1/tf/1.0	Origenes	Fragmenta in Librum Primum Regnorum (In Catenis de Samuelis et Regnorum)	tlg2042.tlg014.opp-grc1	fragment
corpora/greek_literature/First1KGreek/tlg2042/tlg015/opp-grc1/1/tf/1.0	Origenes	Fragmentum In Librum Primum Regnorum (In Catenis de Cantico Canticorum)	tlg2042.tlg015.opp-grc1	fragment
corpora/greek_literature/First1KGreek/tlg2042/tlg016/opp-grc1/1/tf/1.0	Origenes	Homiliae In Lucam	tlg2042.tlg016.opp-grc1	homilia
corpora/greek_literature/First1KGreek/tlg2042/tlg017/opp-grc1/1/tf/1.0	Origenes	Fragmenta in Lucam (in catenis)	tlg2042.tlg017.opp-grc1	book,fragment,section
corpora/greek_literature/First1KGreek/tlg2042/tlg019/1st1K-grc1/1/tf/1.0	Origen	The Philocalia of Origen	tlg2042.tlg019.1st1K-grc1	book,chapter,section
corpora/greek_literature/First1KGreek/tlg2042/tlg021/opp-grc1/1/tf/1.0	Origenes	In Jeremiam (Homiliae 12-20)	tlg2042.tlg021.opp-grc1	homilia,section
corpora/greek_literature/First1KGreek/tlg2042/tlg029/opp-grc1/1/tf/1.0	Origenes	Commentarium In Evangelium Matthaei (Lib. 10-11)	tlg2042.tlg029.opp-grc1	book,chapter
corpora/greek_literature/First1KGreek/tlg2042/tlg030/opp-grc1/1/tf/1.0	Origen	Commentarium In Evangelium Matthaei (Lib. 12-17)	tlg2042.tlg030.opp-grc1	book,chapter
corpora/greek_literature/First1KGreek/tlg2042/tlg045/1st1K-grc1/1/tf/1.0	Origenes	Epistula ad Africanum	tlg2042.tlg045.1st1K-grc1	epistle,paragraph
corpora/greek_literature/First1KGreek/tlg2042/tlg048/1st1K-grc1/1/tf/1.0	Origenes	Selecta in Genesim	tlg2042.tlg048.1st1K-grc1	chapter,paragraph
corpora/greek_literature/First1KGreek/tlg2042/tlg050/1st1K-grc1/1/tf/1.0	Origenes	Selecta in Exodum	tlg2042.tlg050.1st1K-grc1	paragraph
corpora/greek_literature/First1KGreek/tlg2042/tlg051/1st1K-grc1/1/tf/1.0	Origenes	Selecta in Leviticum	tlg2042.tlg051.1st1K-grc1	paragraph
corpora/greek_literature/First1KGreek/tlg2042/tlg052/1st1K-grc1/1/tf/1.0	Origenes	Selecta in Numeros	tlg2042.tlg052.1st1K-grc1	paragraph
corpora/greek_literature/First1KGreek/tlg2042/tlg053/1st1K-grc1/1/tf/1.0	Origenes	Selecta in Deuteronomium	tlg2042.tlg053.1st1K-grc1	paragraph
corpora/greek_literature/First1KGreek/tlg2042/tlg054/1st1K-grc1/1/tf/1.0	Origenes	Selecta in Jesum Nave	tlg2042.tlg054.1st1K-grc1	paragraph
corpora/greek_literature/First1KGreek/tlg2042/tlg055/1st1K-grc1/1/tf/1.0	Origenes	Selecta in Judices	tlg2042.tlg055.1st1K-grc1	paragraph
corpora/greek_literature/First1KGreek/tlg2042/tlg057/1st1K-grc1/1/tf/1.0	Origenes	Selecta in Job	tlg2042.tlg057.1st1K-grc1	chapter
corpora/greek_literature/First1KGreek/tlg2042/tlg058/1st1K-grc1/1/tf/1.0	Origen	Selecta in Psalmos [Dub.]	tlg2042.tlg058.1st1K-grc1	chapter,paragraph
corpora/greek_literature/First1KGreek/tlg2042/tlg061/1st1K-grc1/1/tf/1.0	Origen	Fragmenta in Ezechielem	tlg2042.tlg061.1st1K-grc1	chapter,verse
corpora/greek_literature/First1KGreek/tlg2042/tlg066/1st1K-grc1/1/tf/1.0	Origen	Adnotationes in Genesim	tlg2042.tlg066.1st1K-grc1	chapter,verse,section
corpora/greek_literature/First1KGreek/tlg2042/tlg067/1st1K-grc1/1/tf/1.0	Origen	Adnotationes in Exodum	tlg2042.tlg067.1st1K-grc1	chapter,verse,section
corpora/greek_literature/First1KGreek/tlg2042/tlg068/1st1K-grc1/1/tf/1.0	Origen	Adnotationes in Leviticum (fragmenta e catenis)	tlg2042.tlg068.1st1K-grc1	chapter,verse
corpora/greek_literature/First1KGreek/tlg2042/tlg069/1st1K-grc1/1/tf/1.0	Origen	Adnotationes in Numeros	tlg2042.tlg069.1st1K-grc1	chapter,verse
corpora/greek_literature/First1KGreek/tlg2042/tlg070/1st1K-grc1/1/tf/1.0	Origen	Adnotationes in Deuteronomium (fragmenta e catenis)	tlg2042.tlg070.1st1K-grc1	chapter,verse
corpora/greek_literature/First1KGreek/tlg2042/tlg071/1st1K-grc1/1/tf/1.0	Origen	Adnotationes in Jesu filium Nave (fragmenta e catenis)	tlg2042.tlg071.1st1K-grc1	chapter,verse
corpora/greek_literature/First1KGreek/tlg2042/tlg072/1st1K-grc1/1/tf/1.0	Origen	Adnotationes in Judices	tlg2042.tlg072.1st1K-grc1	chapter,verse
corpora/greek_literature/First1KGreek/tlg2042/tlg073/1st1K-grc1/1/tf/1.0	Origen	Homiliae in Job (fragmenta in catenis, typus II)	tlg2042.tlg073.1st1K-grc1	chapter,verse
corpora/greek_literature/First1KGreek/tlg2042/tlg074/1st1K-grc1/1/tf/1.0	Origen	Excerpta in Psalmos [Dub.]	tlg2042.tlg074.1st1K-grc1	chapter,verse
corpora/greek_literature/First1KGreek/tlg2042/tlg075/1st1K-grc1/1/tf/1.0	Origen	Expositio in Proverbia (fragmenta e catenis)	tlg2042.tlg075.1st1K-grc1	chapter,paragraph
corpora/greek_literature/First1KGreek/tlg2042/tlg076/1st1K-grc1/1/tf/1.0	Origen	Scholia in Canticum canticorum	tlg2042.tlg076.1st1K-grc1	chapter,paragraph
corpora/greek_literature/First1KGreek/tlg2042/tlg077/1st1K-grc1/1/tf/1.0	Origen	Scholia in Matthaeum	tlg2042.tlg077.1st1K-grc1	chapter,verse
corpora/greek_literature/First1KGreek/tlg2042/tlg078/1st1K-grc1/1/tf/1.0	Origen	Scholia in Lucam (fragmenta e cod. Venet. 28)	tlg2042.tlg078.1st1K-grc1	part,chapter,verse
corpora/greek_literature/First1KGreek/tlg2042/tlg084/opp-grc1/1/tf/1.0	Origenes	Fragmenta In Jeremiam (E Philocalia)	tlg2042.tlg084.opp-grc1	fragment,section
corpora/greek_literature/First1KGreek/tlg2048/tlg001/1st1K-grc1/1/tf/1.0	Sozomenus, Salaminius Hermias	Historia Ecclesiastica	tlg2048.tlg001.1st1K-grc1	book,chapter,section
corpora/greek_literature/First1KGreek/tlg2050/tlg001/opp-grc1/1/tf/1.0	Eunapius	Vitae Sophistarum	tlg2050.tlg001.opp-grc1	chapter
corpora/greek_literature/First1KGreek/tlg2050/tlg001/opp-grc1/2/tf/1.0	Origenes	Libanius Opera	tlg2050.tlg001.opp-grc1	chapter
corpora/greek_literature/First1KGreek/tlg2057/tlg002/1st1K-grc1/1/tf/1.0	Socrates, Scholasticus	Historia Ecclesiastica	tlg2057.tlg002.1st1K-grc1	book,chapter
corpora/greek_literature/First1KGreek/tlg2058/tlg001/1st1K-grc1/1/tf/1.0	Philostorgius	Historia ecclesiastica (fragmenta ap. Photium)	tlg2058.tlg001.1st1K-grc1	chapter,paragraph
corpora/greek_literature/First1KGreek/tlg2115/tlg060/opp-grc1/1/tf/1.0	Hippolytus	Refutatio Omnium Haeresium	tlg2115.tlg060.opp-grc1	book,chapter,section
corpora/greek_literature/First1KGreek/tlg2115/tlg060/perseus-grc1/1/tf/1.0	Hippolytus	Refutatio Omnium Haeresium	tlg2115.tlg060.perseus-grc1	book,chapter
corpora/greek_literature/First1KGreek/tlg2135/tlg001/opp-grc1/1/tf/1.0	Alypius	Isagoge musica	tlg2135.tlg001.opp-grc1	book,fragment,section
corpora/greek_literature/First1KGreek/tlg2136/tlg001/opp-grc1/1/tf/1.0	Bacchius Geron	Isagoge	tlg2136.tlg001.opp-grc1	fragment
corpora/greek_literature/First1KGreek/tlg2137/tlg001/1st1K-grc1/1/tf/1.0	Gaudentius	Harmonica introductio	tlg2137.tlg001.1st1K-grc1	section
corpora/greek_literature/First1KGreek/tlg2138/tlg001/opp-grc1/1/tf/1.0	Canticum Euripidis	Ex Orestis Stasimo I	tlg2138.tlg001.opp-grc1	section
corpora/greek_literature/First1KGreek/tlg2139/tlg001/opp-grc1/1/tf/1.0	Epitaphium Sicili	Sicili Epitaphium	tlg2139.tlg001.opp-grc1	section
corpora/greek_literature/First1KGreek/tlg2178/tlg001/1st1K-grc1/1/tf/1.0	Cassius Longinus	Ars rhetorica	tlg2178.tlg001.1st1K-grc1	chapter,paragraph
corpora/greek_literature/First1KGreek/tlg2178/tlg002/1st1K-grc1/1/tf/1.0	Cassius Longinus	Excerpta	tlg2178.tlg002.1st1K-grc1	section
corpora/greek_literature/First1KGreek/tlg2200/tlg001/opp/1/tf/1.0	Anonymus Londinensis	Libanius Opera	tlg2200.tlg001.opp.grc1	letter,chapter
corpora/greek_literature/First1KGreek/tlg2200/tlg001/opp-grc1/1/tf/1.0	Libanius	Epistulae 1-839	tlg2200.tlg001.opp-grc1	letter,chapter
corpora/greek_literature/First1KGreek/tlg2200/tlg00401/opp-grc1/1/tf/1.0	Libanius	Oratio I	tlg2200.tlg00401.opp-grc1	chapter
corpora/greek_literature/First1KGreek/tlg2200/tlg00402/opp-grc1/1/tf/1.0	Libanius	Oratio 2	tlg2200.tlg00402.opp-grc1	chapter
corpora/greek_literature/First1KGreek/tlg2200/tlg00403/opp-grc1/1/tf/1.0	Libanius	Oratio 3	tlg2200.tlg00403.opp-grc1	chapter
corpora/greek_literature/First1KGreek/tlg2200/tlg00404/opp-grc1/1/tf/1.0	Libanius	Oratio 4	tlg2200.tlg00404.opp-grc1	chapter
corpora/greek_literature/First1KGreek/tlg2200/tlg00405/opp-grc1/1/tf/1.0	Libanius	Oratio V	tlg2200.tlg00405.opp-grc1	chapter
corpora/greek_literature/First1KGreek/tlg2200/tlg00406/opp-grc1/1/tf/1.0	Libanius	Oratio VI	tlg2200.tlg00406.opp-grc1	chapter
corpora/greek_literature/First1KGreek/tlg2200/tlg00407/opp-grc1/1/tf/1.0	Libanius	Oratio 7	tlg2200.tlg00407.opp-grc1	chapter
corpora/greek_literature/First1KGreek/tlg2200/tlg00408/opp-grc1/1/tf/1.0	Libanius	Oratio VIII	tlg2200.tlg00408.opp-grc1	chapter
corpora/greek_literature/First1KGreek/tlg2200/tlg00409/opp-grc1/1/tf/1.0	Libanius	Oratio 9	tlg2200.tlg00409.opp-grc1	chapter
corpora/greek_literature/First1KGreek/tlg2200/tlg00410/opp-grc1/1/tf/1.0	Libanius	Oratio 10	tlg2200.tlg00410.opp-grc1	chapter
corpora/greek_literature/First1KGreek/tlg2200/tlg00411/opp-grc1/1/tf/1.0	Libanius	Oratio 11	tlg2200.tlg00411.opp-grc1	chapter
corpora/greek_literature/First1KGreek/tlg2200/tlg00426/opp-grc1/1/tf/1.0	Libanius	Oratio 26	tlg2200.tlg00426.opp-grc1	chapter
corpora/greek_literature/First1KGreek/tlg2200/tlg00427/opp-grc1/1/tf/1.0	Libanius	Oratio 27	tlg2200.tlg00427.opp-grc1	chapter
corpora/greek_literature/First1KGreek/tlg2200/tlg00428/opp-grc1/1/tf/1.0	Libanius	Oratio 28	tlg2200.tlg00428.opp-grc1	chapter
corpora/greek_literature/First1KGreek/tlg2200/tlg00429/opp-grc1/1/tf/1.0	Libanius	Oratio 29	tlg2200.tlg00429.opp-grc1	chapter
corpora/greek_literature/First1KGreek/tlg2200/tlg00430/opp-grc1/1/tf/1.0	Libanius	Oratio 30	tlg2200.tlg00430.opp-grc1	chapter
corpora/greek_literature/First1KGreek/tlg2200/tlg00431/opp-grc1/1/tf/1.0	Libanius	Oratio 31	tlg2200.tlg00431.opp-grc1	chapter
corpora/greek_literature/First1KGreek/tlg2200/tlg00432/opp-grc1/1/tf/1.0	Libanius	Oratio 32	tlg2200.tlg00432.opp-grc1	chapter
corpora/greek_literature/First1KGreek/tlg2200/tlg00433/opp-grc1/1/tf/1.0	Libanius	Oratio 33	tlg2200.tlg00433.opp-grc1	chapter
corpora/greek_literature/First1KGreek/tlg2200/tlg00434/opp-grc1/1/tf/1.0	Libanius	Oratio 34	tlg2200.tlg00434.opp-grc1	chapter
corpora/greek_literature/First1KGreek/tlg2200/tlg00435/opp-grc1/1/tf/1.0	Libanius	Oratio 35	tlg2200.tlg00435.opp-grc1	chapter
corpora/greek_literature/First1KGreek/tlg2200/tlg00436/opp-grc1/1/tf/1.0	Libanius	Oratio 36	tlg2200.tlg00436.opp-grc1	chapter
corpora/greek_literature/First1KGreek/tlg2200/tlg00437/opp-grc1/1/tf/1.0	Libanius	Oratio 37	tlg2200.tlg00437.opp-grc1	chapter
corpora/greek_literature/First1KGreek/tlg2200/tlg00438/opp-grc1/1/tf/1.0	Libanius	Oratio 38	tlg2200.tlg00438.opp-grc1	chapter
corpora/greek_literature/First1KGreek/tlg2200/tlg00439/opp-grc1/1/tf/1.0	Libanius	Oratio 39	tlg2200.tlg00439.opp-grc1	chapter
corpora/greek_literature/First1KGreek/tlg2200/tlg00440/opp-grc1/1/tf/1.0	Libanius	Oratio 40	tlg2200.tlg00440.opp-grc1	chapter
corpora/greek_literature/First1KGreek/tlg2200/tlg00441/opp-grc1/1/tf/1.0	Libanius	Oratio 41	tlg2200.tlg00441.opp-grc1	chapter
corpora/greek_literature/First1KGreek/tlg2200/tlg00442/opp-grc1/1/tf/1.0	Libanius	Oratio 42	tlg2200.tlg00442.opp-grc1	chapter
corpora/greek_literature/First1KGreek/tlg2200/tlg00443/opp-grc1/1/tf/1.0	Libanius	Oratio 43	tlg2200.tlg00443.opp-grc1	chapter
corpora/greek_literature/First1KGreek/tlg2200/tlg00444/opp-grc1/1/tf/1.0	Libanius	Oratio 44	tlg2200.tlg00444.opp-grc1	chapter
corpora/greek_literature/First1KGreek/tlg2200/tlg00445/opp-grc1/1/tf/1.0	Libanius	Oratio 45	tlg2200.tlg00445.opp-grc1	chapter
corpora/greek_literature/First1KGreek/tlg2200/tlg00446/opp-grc1/1/tf/1.0	Libanius	Oratio 46	tlg2200.tlg00446.opp-grc1	chapter
corpora/greek_literature/First1KGreek/tlg2200/tlg00447/opp-grc1/1/tf/1.0	Libanius	Oratio 47	tlg2200.tlg00447.opp-grc1	chapter
corpora/greek_literature/First1KGreek/tlg2200/tlg00448/opp-grc1/1/tf/1.0	Libanius	Oratio 48	tlg2200.tlg00448.opp-grc1	chapter
corpora/greek_literature/First1KGreek/tlg2200/tlg00449/opp-grc1/1/tf/1.0	Libanius	Oratio 49	tlg2200.tlg00449.opp-grc1	chapter
corpora/greek_literature/First1KGreek/tlg2200/tlg00450/opp-grc1/1/tf/1.0	Libanius	Orationes L	tlg2200.tlg00450.opp-grc1	chapter
corpora/greek_literature/First1KGreek/tlg2200/tlg00451/opp-grc1/1/tf/1.0	Libanius	Oratio 51	tlg2200.tlg00451.opp-grc1	chapter
corpora/greek_literature/First1KGreek/tlg2200/tlg00452/opp-grc1/1/tf/1.0	Libanius	Oratio 52	tlg2200.tlg00452.opp-grc1	chapter
corpora/greek_literature/First1KGreek/tlg2200/tlg00453/opp-grc1/1/tf/1.0	Libanius	Oratio 53	tlg2200.tlg00453.opp-grc1	chapter
corpora/greek_literature/First1KGreek/tlg2200/tlg00454/opp-grc1/1/tf/1.0	Libanius	Oratio 54	tlg2200.tlg00454.opp-grc1	chapter
corpora/greek_literature/First1KGreek/tlg2200/tlg00455/opp-grc1/1/tf/1.0	Libanius	Oratio 55	tlg2200.tlg00455.opp-grc1	chapter
corpora/greek_literature/First1KGreek/tlg2200/tlg00456/opp-grc1/1/tf/1.0	Libanius	Oratio 56	tlg2200.tlg00456.opp-grc1	chapter
corpora/greek_literature/First1KGreek/tlg2200/tlg00457/opp-grc1/1/tf/1.0	Libanius	Oratio 57	tlg2200.tlg00457.opp-grc1	chapter
corpora/greek_literature/First1KGreek/tlg2200/tlg00458/opp-grc1/1/tf/1.0	Libanius	Oratio 58	tlg2200.tlg00458.opp-grc1	chapter
corpora/greek_literature/First1KGreek/tlg2200/tlg00459/opp-grc1/1/tf/1.0	Libanius	Oratio 59	tlg2200.tlg00459.opp-grc1	chapter
corpora/greek_literature/First1KGreek/tlg2200/tlg00460/opp-grc1/1/tf/1.0	Libanius	Oratio 60	tlg2200.tlg00460.opp-grc1	chapter
corpora/greek_literature/First1KGreek/tlg2200/tlg00461/opp-grc1/1/tf/1.0	Libanius	Oratio 61	tlg2200.tlg00461.opp-grc1	chapter
corpora/greek_literature/First1KGreek/tlg2200/tlg00462/opp-grc1/1/tf/1.0	Libanius	Oratio 62	tlg2200.tlg00462.opp-grc1	chapter
corpora/greek_literature/First1KGreek/tlg2200/tlg00463/opp-grc1/1/tf/1.0	Libanius	Oratio 63	tlg2200.tlg00463.opp-grc1	chapter
corpora/greek_literature/First1KGreek/tlg2200/tlg00464/opp-grc1/1/tf/1.0	Libanius	Oratio 64	tlg2200.tlg00464.opp-grc1	chapter
corpora/greek_literature/First1KGreek/tlg2200/tlg00501/opp-grc1/1/tf/1.0	Libanius	Declamatio I	tlg2200.tlg00501.opp-grc1	chapter
corpora/greek_literature/First1KGreek/tlg2200/tlg00502/opp-grc1/1/tf/1.0	Libanius	Declamatio 2	tlg2200.tlg00502.opp-grc1	chapter
corpora/greek_literature/First1KGreek/tlg2200/tlg00503/opp-grc1/1/tf/1.0	Libanius	Declamatio 3	tlg2200.tlg00503.opp-grc1	chapter,section
corpora/greek_literature/First1KGreek/tlg2200/tlg00504/opp-grc1/1/tf/1.0	Libanius	Declamatio 4	tlg2200.tlg00504.opp-grc1	chapter
corpora/greek_literature/First1KGreek/tlg2200/tlg00505/opp-grc1/1/tf/1.0	Libanius	Declamatio 5	tlg2200.tlg00505.opp-grc1	chapter
corpora/greek_literature/First1KGreek/tlg2200/tlg00506/opp-grc1/1/tf/1.0	Libanius	Declamatio 6	tlg2200.tlg00506.opp-grc1	chapter,section
corpora/greek_literature/First1KGreek/tlg2200/tlg00507/opp-grc1/1/tf/1.0	Libanius	Declamatio 7	tlg2200.tlg00507.opp-grc1	chapter
corpora/greek_literature/First1KGreek/tlg2200/tlg00508/opp-grc1/1/tf/1.0	Libanius	Declamatio 8	tlg2200.tlg00508.opp-grc1	chapter
corpora/greek_literature/First1KGreek/tlg2200/tlg00509/opp-grc1/1/tf/1.0	Libanius	Declamatio 9	tlg2200.tlg00509.opp-grc1	chapter
corpora/greek_literature/First1KGreek/tlg2200/tlg00510/opp-grc1/1/tf/1.0	Libanius	Declamatio 10	tlg2200.tlg00510.opp-grc1	chapter
corpora/greek_literature/First1KGreek/tlg2200/tlg00511/opp-grc1/1/tf/1.0	Libanius	Declamatio 11	tlg2200.tlg00511.opp-grc1	chapter
corpora/greek_literature/First1KGreek/tlg2200/tlg00512/opp-grc1/1/tf/1.0	Libanius	Declamatio 12	tlg2200.tlg00512.opp-grc1	chapter
corpora/greek_literature/First1KGreek/tlg2200/tlg00513/opp-grc1/1/tf/1.0	Libanius	Declamatio 13	tlg2200.tlg00513.opp-grc1	chapter
corpora/greek_literature/First1KGreek/tlg2200/tlg00514/opp-grc1/1/tf/1.0	Libanius	Declamatio 14	tlg2200.tlg00514.opp-grc1	chapter
corpora/greek_literature/First1KGreek/tlg2200/tlg00515/opp-grc1/1/tf/1.0	Libanius	Declamatio 15	tlg2200.tlg00515.opp-grc1	chapter
corpora/greek_literature/First1KGreek/tlg2200/tlg00516/opp-grc1/1/tf/1.0	Libanius	Declamatio 16	tlg2200.tlg00516.opp-grc1	chapter
corpora/greek_literature/First1KGreek/tlg2200/tlg00517/opp-grc1/1/tf/1.0	Libanius	Declamatio 17	tlg2200.tlg00517.opp-grc1	chapter
corpora/greek_literature/First1KGreek/tlg2200/tlg00518/opp-grc1/1/tf/1.0	Libanius	Declamatio 18	tlg2200.tlg00518.opp-grc1	chapter
corpora/greek_literature/First1KGreek/tlg2200/tlg00519/opp-grc1/1/tf/1.0	Libanius, Libanius	Declamatio 19	tlg2200.tlg00519.opp-grc1	chapter
corpora/greek_literature/First1KGreek/tlg2200/tlg00520/opp-grc1/1/tf/1.0	Libanius	Declamatio 20	tlg2200.tlg00520.opp-grc1	chapter
corpora/greek_literature/First1KGreek/tlg2200/tlg00521/opp-grc1/1/tf/1.0	Libanius	Declamatio 21	tlg2200.tlg00521.opp-grc1	chapter
corpora/greek_literature/First1KGreek/tlg2200/tlg00522/opp-grc1/1/tf/1.0	Libanius	Declamatio 22	tlg2200.tlg00522.opp-grc1	chapter
corpora/greek_literature/First1KGreek/tlg2200/tlg00523/opp-grc1/1/tf/1.0	Libanius	Declamatio 23	tlg2200.tlg00523.opp-grc1	chapter
corpora/greek_literature/First1KGreek/tlg2200/tlg00524/opp-grc1/1/tf/1.0	Libanius	Declamatio 24	tlg2200.tlg00524.opp-grc1	chapter,section
corpora/greek_literature/First1KGreek/tlg2200/tlg00525/opp-grc1/1/tf/1.0	Libanius	Declamatio 25	tlg2200.tlg00525.opp-grc1	chapter,section
corpora/greek_literature/First1KGreek/tlg2200/tlg00526/opp-grc1/1/tf/1.0	Libanius	Declamatio 26	tlg2200.tlg00526.opp-grc1	chapter
corpora/greek_literature/First1KGreek/tlg2200/tlg00527/opp-grc1/1/tf/1.0	Libanius	Declamatio 27	tlg2200.tlg00527.opp-grc1	chapter
corpora/greek_literature/First1KGreek/tlg2200/tlg00528/opp-grc1/1/tf/1.0	Libanius	Declamatio 28	tlg2200.tlg00528.opp-grc1	chapter
corpora/greek_literature/First1KGreek/tlg2200/tlg00529/opp-grc1/1/tf/1.0	Libanius	Declamatio 29	tlg2200.tlg00529.opp-grc1	chapter
corpora/greek_literature/First1KGreek/tlg2200/tlg00530/opp-grc1/1/tf/1.0	Libanius	Declamatio 30	tlg2200.tlg00530.opp-grc1	chapter
corpora/greek_literature/First1KGreek/tlg2200/tlg00531/opp-grc1/1/tf/1.0	Libanius	Declamatio 31	tlg2200.tlg00531.opp-grc1	chapter
corpora/greek_literature/First1KGreek/tlg2200/tlg00532/opp-grc1/1/tf/1.0	Libanius	Declamatio 32	tlg2200.tlg00532.opp-grc1	chapter
corpora/greek_literature/First1KGreek/tlg2200/tlg00533/opp-grc1/1/tf/1.0	Libanius	Declamatio 33	tlg2200.tlg00533.opp-grc1	chapter
corpora/greek_literature/First1KGreek/tlg2200/tlg00534/opp-grc1/1/tf/1.0	Libanius	Declamatio 34	tlg2200.tlg00534.opp-grc1	chapter,section
corpora/greek_literature/First1KGreek/tlg2200/tlg00535/opp-grc1/1/tf/1.0	Libanius	Declamatio 35	tlg2200.tlg00535.opp-grc1	chapter
corpora/greek_literature/First1KGreek/tlg2200/tlg00536/opp-grc1/1/tf/1.0	Libanius	Declamatio 36	tlg2200.tlg00536.opp-grc1	chapter
corpora/greek_literature/First1KGreek/tlg2200/tlg00537/opp-grc1/1/tf/1.0	Libanius	Declamatio 37	tlg2200.tlg00537.opp-grc1	chapter
corpora/greek_literature/First1KGreek/tlg2200/tlg00538/opp-grc1/1/tf/1.0	Libanius	Declamatio 38	tlg2200.tlg00538.opp-grc1	chapter
corpora/greek_literature/First1KGreek/tlg2200/tlg00539/opp-grc1/1/tf/1.0	Libanius	Declamatio 39	tlg2200.tlg00539.opp-grc1	chapter
corpora/greek_literature/First1KGreek/tlg2200/tlg00540/opp-grc1/1/tf/1.0	Libanius	Declamatio 40	tlg2200.tlg00540.opp-grc1	chapter,section
corpora/greek_literature/First1KGreek/tlg2200/tlg00541/opp-grc1/1/tf/1.0	Libanius	Declamatio 41	tlg2200.tlg00541.opp-grc1	chapter
corpora/greek_literature/First1KGreek/tlg2200/tlg00542/opp-grc1/1/tf/1.0	Libanius	Declamatio 42	tlg2200.tlg00542.opp-grc1	chapter
corpora/greek_literature/First1KGreek/tlg2200/tlg00543/opp-grc1/1/tf/1.0	Libanius	Declamatio 43	tlg2200.tlg00543.opp-grc1	chapter,section
corpora/greek_literature/First1KGreek/tlg2200/tlg00544/opp-grc1/1/tf/1.0	Libanius	Declamatio 44	tlg2200.tlg00544.opp-grc1	chapter
corpora/greek_literature/First1KGreek/tlg2200/tlg00545/opp-grc1/1/tf/1.0	Libanius	Declamatio 45	tlg2200.tlg00545.opp-grc1	chapter,section
corpora/greek_literature/First1KGreek/tlg2200/tlg00546/opp-grc1/1/tf/1.0	Libanius	Declamatio 46	tlg2200.tlg00546.opp-grc1	chapter,section
corpora/greek_literature/First1KGreek/tlg2200/tlg00547/opp-grc1/1/tf/1.0	Libanius	Declamatio 47	tlg2200.tlg00547.opp-grc1	chapter
corpora/greek_literature/First1KGreek/tlg2200/tlg00548/opp-grc1/1/tf/1.0	Libanius	Declamatio 48	tlg2200.tlg00548.opp-grc1	chapter
corpora/greek_literature/First1KGreek/tlg2200/tlg00549/opp-grc1/1/tf/1.0	Libanius	Declamatio 49	tlg2200.tlg00549.opp-grc1	chapter,section
corpora/greek_literature/First1KGreek/tlg2200/tlg00550/opp-grc1/1/tf/1.0	Libanius	Declamatio 50	tlg2200.tlg00550.opp-grc1	chapter
corpora/greek_literature/First1KGreek/tlg2200/tlg00551/opp-grc1/1/tf/1.0	Libanius	Declamatio 51	tlg2200.tlg00551.opp-grc1	chapter
corpora/greek_literature/First1KGreek/tlg2200/tlg008/opp-grc1/1/tf/1.0	Libanius	Characteres Epistolici	tlg2200.tlg008.opp-grc1	chapter
corpora/greek_literature/First1KGreek/tlg2233/tlg001/1st1K-grc1/1/tf/1.0	Pseudo-Polemon	Physiognomonica (Epitome Adamantiana)	tlg2233.tlg001.1st1K-grc1	chapter,section
corpora/greek_literature/First1KGreek/tlg2233/tlg002/1st1K-grc1/1/tf/1.0	Pseudo-Polemon	Physiognomonica	tlg2233.tlg002.1st1K-grc1	section
corpora/greek_literature/First1KGreek/tlg2371/tlg001/opp-grc1/1/tf/1.0	Chronicon Paschale	Chronicon Paschale	tlg2371.tlg001.opp-grc1	chapter
corpora/greek_literature/First1KGreek/tlg2583/tlg001/1st1K-grc1/1/tf/1.0	Manetho Astrologus, 4Th. Century Ce	Apotelesmatica	tlg2583.tlg001.1st1K-grc1	book,section
corpora/greek_literature/First1KGreek/tlg2586/tlg001/1st1K-grc1/1/tf/1.0	Menander	Διαίρεσις τῶν ἐπιδεικτικῶν (olim sub auctore Genethlio)	tlg2586.tlg001.1st1K-grc1	book,chapter
corpora/greek_literature/First1KGreek/tlg2586/tlg002/1st1K-grc1/1/tf/1.0	Menander	Περὶ ἐπιδεικτικῶν	tlg2586.tlg002.1st1K-grc1	chapter,paragraph
corpora/greek_literature/First1KGreek/tlg2703/tlg001/opp-grc1/1/tf/1.0	Annae Comnenae	Alexias	tlg2703.tlg001.opp-grc1	book,chapter,volume
corpora/greek_literature/First1KGreek/tlg2703/tlg001/opp-grc1/2/tf/1.0	Anonymous	ANNAE COMNENAE	tlg2703.tlg001.opp-grc1	book,chapter,volume
corpora/greek_literature/First1KGreek/tlg2703/tlg001/opp-grc2/1/tf/1.0	Anna Comnena	Alexias	tlg2703.tlg001.opp-grc2	book,chapter
corpora/greek_literature/First1KGreek/tlg2703/tlg001/opp-grclat1/1/tf/1.0	Anonymous	CORPUS SCRIPTORUM HISTORIAE BYZANTINAE	tlg2703.tlg001.opp-grclat1	book,chapter
corpora/greek_literature/First1KGreek/tlg2733/tlg001/1st1K-grc1/1/tf/1.0	Evagrius, Scholasticus	Historia Ecclesiastica	tlg2733.tlg001.1st1K-grc1	book,chapter
corpora/greek_literature/First1KGreek/tlg2768/tlg001/opp-grc1/1/tf/1.0	Gelasius	Historia Ecclesiastica	tlg2768.tlg001.opp-grc1	book,chapter,section
corpora/greek_literature/First1KGreek/tlg2768/tlg002/opp/1/tf/1.0	Anonymous	GELASIUS KIRCHENGESCHICHTE	tlg2768.tlg002.opp.grc1	chapter,section
corpora/greek_literature/First1KGreek/tlg2806/tlg001/1st1K-grc1/1/tf/1.0	Marcus Diaconus	Vita Porphyrii episcopi Gazensis	tlg2806.tlg001.1st1K-grc1	chapter,paragraph
corpora/greek_literature/First1KGreek/tlg2959/tlg001/opp-grc1/1/tf/1.0	Methodius	Symposium Sive Convivium Decem Virginum	tlg2959.tlg001.opp-grc1	book,chapter
corpora/greek_literature/First1KGreek/tlg2959/tlg002/opp-grc1/1/tf/1.0	Methodius	De Libero Arbitrio	tlg2959.tlg002.opp-grc1	chapter,section
corpora/greek_literature/First1KGreek/tlg2959/tlg005/opp/1/tf/1.0	Seniores Apud Irenaeum	METHODIUS	tlg2959.tlg005.opp.grc1	chapter,section
corpora/greek_literature/First1KGreek/tlg2959/tlg005/opp-grc1/1/tf/1.0	Methodius	De Creatis (Fragmenta Ap. Photium, Bibl. Cod. 235)	tlg2959.tlg005.opp-grc1	chapter,section
corpora/greek_literature/First1KGreek/tlg2959/tlg006/opp/1/tf/1.0	Anonymous	METHODIUS	tlg2959.tlg006.opp.grc1	chapter,section
corpora/greek_literature/First1KGreek/tlg2959/tlg006/opp-grc1/1/tf/1.0	Methodius	Adversus Porphyrium (Fragmenta)	tlg2959.tlg006.opp-grc1	chapter,section
corpora/greek_literature/First1KGreek/tlg2959/tlg007/opp-grc1/1/tf/1.0	Methodius	Fragmenta In Job (In Catenis)	tlg2959.tlg007.opp-grc1	fragment
corpora/greek_literature/First1KGreek/tlg2959/tlg008/opp/1/tf/1.0	Anonymous	METHODIUS	tlg2959.tlg008.opp.grc1	fragment
corpora/greek_literature/First1KGreek/tlg2959/tlg008/opp-grc1/1/tf/1.0	Methodius	De Martyribus (Fragmenta)	tlg2959.tlg008.opp-grc1	fragment
corpora/greek_literature/First1KGreek/tlg2959/tlg010/opp/1/tf/1.0	Anonymous	METHODIUS	tlg2959.tlg010.opp.grc1	fragment
corpora/greek_literature/First1KGreek/tlg2959/tlg010/opp-grc1/1/tf/1.0	Methodius	Fragmenta Incerta [Sp.]	tlg2959.tlg010.opp-grc1	fragment
corpora/greek_literature/First1KGreek/tlg3118/tlg001/1st1K-grc1/1/tf/1.0	Syntipas	Ιστορικον Συντιπα του Φιλοσοφου Ωραιοτατον Πανυ	tlg3118.tlg001.1st1K-grc1	book,paragraph
corpora/greek_literature/First1KGreek/tlg3118/tlg002/1st1K-grc1/1/tf/1.0	Syntipas	Narrationes de Syntipa	tlg3118.tlg002.1st1K-grc1	paragraph
corpora/greek_literature/First1KGreek/tlg3129/ogl001/1st1K-grc1/1/tf/1.0	Theophylactus	In Cyrilli In XII Prophetas	tlg3129.ogl001.1st1K-grc1	ancient,paragraph
corpora/greek_literature/First1KGreek/tlg3135/tlg001/opp-grc1/1/tf/1.0	Joannes Zonaras	Epitome historiarum (lib. 1‑18)	tlg3135.tlg001.opp-grc1	book,chapter
corpora/greek_literature/First1KGreek/tlg3135/tlg001/opp-grc1/2/tf/1.0	Anonymous	IOANNIS ZONARAE EPITOME HISTORIARUM	tlg3135.tlg001.opp-grc1	book,chapter
corpora/greek_literature/First1KGreek/tlg3135/tlg004/opp-grc1/1/tf/1.0	Joannes Zonaras	Argumenta	tlg3135.tlg004.opp-grc1	book,chapter
corpora/greek_literature/First1KGreek/tlg3135/tlg004/opp-grc1/2/tf/1.0	Anonymous	IOANNIS ZONARAE EPITOME HISTORIARUM	tlg3135.tlg004.opp-grc1	book,chapter
corpora/greek_literature/First1KGreek/tlg3135/tlg005/opp-grc1/1/tf/1.0	Joannes Zonaras	Chronologia	tlg3135.tlg005.opp-grc1	section
corpora/greek_literature/First1KGreek/tlg3135/tlg005/opp-grc1/2/tf/1.0	Anonymous	IOANNIS ZONARAE EPITOME HISTORIARUM	tlg3135.tlg005.opp-grc1	section
corpora/greek_literature/First1KGreek/tlg3156/tlg001/1st1K-grc1/1/tf/1.0	Anonymi Exegesis In Hesiodi Theogoniam	Exegesis in Hesiodi theogoniam	tlg3156.tlg001.1st1K-grc1	section
corpora/greek_literature/First1KGreek/tlg4003/tlg001/1st1K-grc1/1/tf/1.0	Marcianus of Heraclea	Periplus Maris Exteri	tlg4003.tlg001.1st1K-grc1	book,section,paragraph
corpora/greek_literature/First1KGreek/tlg4003/tlg002/1st1K-grc1/1/tf/1.0	Marcianus of Heraclea	Menippi periplus maris interni (epitome Marciani)	tlg4003.tlg002.1st1K-grc1	book,section,paragraph
corpora/greek_literature/First1KGreek/tlg4003/tlg003/1st1K-grc1/1/tf/1.0	Marcianus of Heraclea	Artemidori Geographia (Epitome Marciani)	tlg4003.tlg003.1st1K-grc1	section,book,paragraph
corpora/greek_literature/First1KGreek/tlg4013/tlg001/opp-grc1/1/tf/1.0	Simplicius	In Aristotelis quattuor libros de caelo commentaria	tlg4013.tlg001.opp-grc1	chapter
corpora/greek_literature/First1KGreek/tlg4013/tlg003/opp-grc1/1/tf/1.0	Simplicius	In Aristotelis Categorias Commentarium	tlg4013.tlg003.opp-grc1	chapter
corpora/greek_literature/First1KGreek/tlg4013/tlg004/opp-grc1/1/tf/1.0	Simplicius	In Aristotelis physicorum libros commentaria	tlg4013.tlg004.opp-grc1	chapter
corpora/greek_literature/First1KGreek/tlg4013/tlg004/opp-grc1/2/tf/1.0	Origenes	COMMENTARIA IN ARISTOTELEM GRAECA	tlg4013.tlg004.opp-grc1	chapter
corpora/greek_literature/First1KGreek/tlg4013/tlg005/opp-grc1/1/tf/1.0	Simplicius	In Aristotelis libros de anima commentaria [Sp.?] (fort. auctore Prisciano Lydo)	tlg4013.tlg005.opp-grc1	chapter
corpora/greek_literature/First1KGreek/tlg4015/tlg001/opp-grc1/1/tf/1.0	Joannes Philoponus	In Aristotelis Categorias Commentarium	tlg4015.tlg001.opp-grc1	chapter
corpora/greek_literature/First1KGreek/tlg4015/tlg002/opp-grc1/1/tf/1.0	Joannes Philoponus	in Aristotelis Analytica Priora commentaria	tlg4015.tlg002.opp-grc1	chapter
corpora/greek_literature/First1KGreek/tlg4015/tlg004/opp-grc1/1/tf/1.0	Joannes Philoponus	In Aristotelis Analytica Posteriora Commentaria	tlg4015.tlg004.opp-grc1	chapter
corpora/greek_literature/First1KGreek/tlg4015/tlg005/opp-grc1/1/tf/1.0	Joannes Philoponus	in Aristotelis Meteorologicorum librum primum commentarium	tlg4015.tlg005.opp-grc1	book,section
corpora/greek_literature/First1KGreek/tlg4015/tlg005/opp-grc1/2/tf/1.0	Seniores Apud Irenaeum	Commentaria in Aristotelem Graeca	tlg4015.tlg005.opp-grc1	chapter
corpora/greek_literature/First1KGreek/tlg4015/tlg006/opp-grc1/1/tf/1.0	Joannes Philoponus	In Aristotelis Libros De Generatione Et Corruptione Commentaria	tlg4015.tlg006.opp-grc1	chapter
corpora/greek_literature/First1KGreek/tlg4015/tlg006/opp-grc1/2/tf/1.0	Seniores Apud Irenaeum	Commentaria in Aristotelem Graeca	tlg4015.tlg006.opp-grc1	chapter
corpora/greek_literature/First1KGreek/tlg4015/tlg007/opp-grc1/1/tf/1.0	Joannes Philoponus	In Libros De Generatione Animalium Commentaria	tlg4015.tlg007.opp-grc1	chapter
corpora/greek_literature/First1KGreek/tlg4015/tlg007/opp-grc1/2/tf/1.0	Seniores Apud Irenaeum	Commentaria in Aristotelem Graeca	tlg4015.tlg007.opp-grc1	chapter
corpora/greek_literature/First1KGreek/tlg4015/tlg008/opp-grc1/1/tf/1.0	Joannes Philoponus	in Aristotelis de Anima libros commentaria	tlg4015.tlg008.opp-grc1	chapter
corpora/greek_literature/First1KGreek/tlg4015/tlg009/opp-grc1/1/tf/1.0	Joannes Philoponus	In Aristotelis Physicorum Libros Commentaria	tlg4015.tlg009.opp-grc1	chapter,volume
corpora/greek_literature/First1KGreek/tlg4016/tlg001/opp-grc2/1/tf/1.0	Ammonius	In Porphyrii Isagogen Sive Quinque Voces	tlg4016.tlg001.opp-grc2	book,section
corpora/greek_literature/First1KGreek/tlg4016/tlg002/opp-grc2/1/tf/1.0	Ammonius	In Aristotelis Categorias Commentarius	tlg4016.tlg002.opp-grc2	book,chapter,section
corpora/greek_literature/First1KGreek/tlg4016/tlg003/opp-grc2/1/tf/1.0	Ammonius	In Aristotelis Librum De Interpretatione Commentarius	tlg4016.tlg003.opp-grc2	chapter
corpora/greek_literature/First1KGreek/tlg4016/tlg004/opp-grc2/1/tf/1.0	Ammonius	In Aristotelis Analyticorum Priorum Librum I Commentarium	tlg4016.tlg004.opp-grc2	chapter
corpora/greek_literature/First1KGreek/tlg4017/tlg001/opp-grc1/1/tf/1.0	Syrianus	In Aristotelis Metaphysica Commentaria	tlg4017.tlg001.opp-grc1	chapter
corpora/greek_literature/First1KGreek/tlg4018/tlg001/opp-grc2/1/tf/1.0	Asclepius	In Aristotelis Metaphysicorum Libros A-Z Commentaria	tlg4018.tlg001.opp-grc2	chapter
corpora/greek_literature/First1KGreek/tlg4019/tlg001/opp-grc1/1/tf/1.0	Olympiodorus	Prolegomena	tlg4019.tlg001.opp-grc1	chapter
corpora/greek_literature/First1KGreek/tlg4019/tlg002/opp-grc1/1/tf/1.0	Olympiodorus	In Categorias Commentarium	tlg4019.tlg002.opp-grc1	chapter
corpora/greek_literature/First1KGreek/tlg4019/tlg003/opp-grc1/1/tf/1.0	Olympiodorus	In Aristotelis meteora commentaria	tlg4019.tlg003.opp-grc1	chapter
corpora/greek_literature/First1KGreek/tlg4020/tlg001/opp-grc1/1/tf/1.0	Elias	In Porphyrii isagogen	tlg4020.tlg001.opp-grc1	chapter
corpora/greek_literature/First1KGreek/tlg4020/tlg002/opp-grc1/1/tf/1.0	Elias	Eliae (olim Davidis) in Aristotelis categorias commentarium	tlg4020.tlg002.opp-grc1	chapter
corpora/greek_literature/First1KGreek/tlg4021/tlg001/opp-grc1/1/tf/1.0	David the Invincible	Prolegomena philosophiae	tlg4021.tlg001.opp-grc1	chapter
corpora/greek_literature/First1KGreek/tlg4021/tlg002/opp-grc1/1/tf/1.0	David the Invincible	In Porphyrii isagogen commentarium	tlg4021.tlg002.opp-grc1	chapter
corpora/greek_literature/First1KGreek/tlg4024/tlg001/opp-grc2/1/tf/1.0	Agathias Scholasticus	Historiae	tlg4024.tlg001.opp-grc2	book,chapter
corpora/greek_literature/First1KGreek/tlg4024/tlg002/opp-grc12/1/tf/1.0	Agathias Scholasticus	Epigrammata	tlg4024.tlg002.opp-grc12	section
corpora/greek_literature/First1KGreek/tlg4027/tlg001/opp/1/tf/1.0	Seniores Apud Irenaeum	Commentaria in Aristotelem Graeca	tlg4027.tlg001.opp.grc1	chapter,index,preface
corpora/greek_literature/First1KGreek/tlg4027/tlg001/opp-grc1/1/tf/1.0	Anonymi In Aristotelis Categorias	Paraphrasis categoriarum	tlg4027.tlg001.opp-grc1	chapter,index,commentary
corpora/greek_literature/First1KGreek/tlg4030/tlg001/opp-grc1/1/tf/1.0	Sophonias	In Aristotelis Libros De Anima Paraphrasis	tlg4030.tlg001.opp-grc1	chapter,section
corpora/greek_literature/First1KGreek/tlg4030/tlg001/opp-grc1/2/tf/1.0	Seniores Apud Irenaeum	Commentaria in Aristotelem Graeca	tlg4030.tlg001.opp-grc1	chapter
corpora/greek_literature/First1KGreek/tlg4031/tlg002/opp-grc1/1/tf/1.0	Eustratius	In Aristotelis Ethica Nicomachea I Commentaria	tlg4031.tlg002.opp-grc1	chapter
corpora/greek_literature/First1KGreek/tlg4033/tlg003/opp-grc1/1/tf/1.0	Anonymi In Aristotelis Ethica Nicomachea	In ethica Nicomachea paraphrasis	tlg4033.tlg003.opp-grc1	chapter
corpora/greek_literature/First1KGreek/tlg4034/tlg002/opp/1/tf/1.0	Seniores Apud Irenaeum	Commentaria in Aristotelem Graeca	tlg4034.tlg002.opp.grc1	chapter
corpora/greek_literature/First1KGreek/tlg4034/tlg002/opp-grc1/1/tf/1.0	Michael Ephesius	In parva naturalia commentaria	tlg4034.tlg002.opp-grc1	chapter
corpora/greek_literature/First1KGreek/tlg4034/tlg002/opp-grc1/2/tf/1.0	Seniores Apud Irenaeum	Commentaria in Aristotelem Graeca	tlg4034.tlg002.opp-grc1	chapter
corpora/greek_literature/First1KGreek/tlg4034/tlg003/opp/1/tf/1.0	Seniores Apud Irenaeum	Commentaria in Aristotelem Graeca	tlg4034.tlg003.opp.grc1	chapter
corpora/greek_literature/First1KGreek/tlg4034/tlg003/opp-grc1/1/tf/1.0	Michaelis Ephesius	In libros de partibus animalium	tlg4034.tlg003.opp-grc1	chapter
corpora/greek_literature/First1KGreek/tlg4034/tlg004/opp-grc1/1/tf/1.0	Michaelis Ephesius	In Librum De Animalium Motione Commentarium	tlg4034.tlg004.opp-grc1	chapter
corpora/greek_literature/First1KGreek/tlg4034/tlg005/opp-grc1/1/tf/1.0	Michaelis Ephesius	In Librum De Animalium Incessu Commentarium	tlg4034.tlg005.opp-grc1	chapter
corpora/greek_literature/First1KGreek/tlg4034/tlg006/opp/1/tf/1.0	Seniores Apud Irenaeum	Commentaria in Aristotelem Graeca	tlg4034.tlg006.opp.grc1	chapter
corpora/greek_literature/First1KGreek/tlg4034/tlg006/opp-grc1/1/tf/1.0	Michael Ephesius	In Librum Quintum Ethicorum Nicomacheorum Commentarium	tlg4034.tlg006.opp-grc1	commentary,chapter
corpora/greek_literature/First1KGreek/tlg4036/tlg001/opp-grc1/1/tf/1.0	Proclus Diadochus	In Platonis Rem Publicam Commentarii	tlg4036.tlg001.opp-grc1	chapter
corpora/greek_literature/First1KGreek/tlg4036/tlg001/opp-grc1/2/tf/1.0	Anonymous	ROCLUS DIADOCHUS	tlg4036.tlg001.opp-grc1	chapter
corpora/greek_literature/First1KGreek/tlg4072/tlg001/1st1K-grc1/1/tf/1.0	Eutocius	Commentarii in libros de sphaera et cylindro	tlg4072.tlg001.1st1K-grc1	section
corpora/greek_literature/First1KGreek/tlg4072/tlg002/1st1K-grc1/1/tf/1.0	Eutocius	Commentarius in dimensionem circuli	tlg4072.tlg002.1st1K-grc1	section,paragraph
corpora/greek_literature/First1KGreek/tlg4072/tlg003/1st1K-grc1/1/tf/1.0	Eutocius	Commentarius in libros de planorum aequilibriis	tlg4072.tlg003.1st1K-grc1	chapter,section
corpora/greek_literature/First1KGreek/tlg4075/tlg002/1st1K-grc1/1/tf/1.0	Marinus	Commentarium in Euclidis data	tlg4075.tlg002.1st1K-grc1	work
corpora/greek_literature/First1KGreek/tlg4084/tlg001/opp-grc1/1/tf/1.0	Zosimus	Historia Nova	tlg4084.tlg001.opp-grc1	book,chapter,section
corpora/greek_literature/First1KGreek/tlg4089/tlg003/1st1K-grc1/1/tf/1.0	Theodoret, Bishop of Cyrus	Historia Ecclesiastica	tlg4089.tlg003.1st1K-grc1	book,chapter
corpora/greek_literature/First1KGreek/tlg4089/tlg003/opp-grc1/1/tf/1.0	Theodoretus	Historia ecclesiastica	tlg4089.tlg003.opp-grc1	book,chapter,section
corpora/greek_literature/First1KGreek/tlg4089/tlg004/1st1K-grc1/1/tf/1.0	Theodoret, Bishop of Cyrus	Historia Religiosa	tlg4089.tlg004.1st1K-grc1	chapter
corpora/greek_literature/First1KGreek/tlg4090/tlg001/1st1K-grc1/1/tf/1.0	Cyrillus Alexandrinus	In XII Prophetas	tlg4090.tlg001.1st1K-grc1	commentary,book,paragraph
corpora/greek_literature/First1KGreek/tlg4102/tlg001/opp-grc1/1/tf/1.0	Catenae (Novum Testamentum)	Catena In Matthaeum	tlg4102.tlg001.opp-grc1	chapter
corpora/greek_literature/First1KGreek/tlg4102/tlg002/opp-grc1/1/tf/1.0	Catenae (Novum Testamentum)	Catena In Marcum	tlg4102.tlg002.opp-grc1	chapter
corpora/greek_literature/First1KGreek/tlg4102/tlg003/opp-grc1/1/tf/1.0	Catenae (Novum Testamentum)	Supplementum et varietas lectionis ad commentarium Chrysostomi in evangelium sancti Matthaei	tlg4102.tlg003.opp-grc1	work
corpora/greek_literature/First1KGreek/tlg4102/tlg004/opp-grc1/1/tf/1.0	Catenae (Novum Testamentum)	Catena In Lucam	tlg4102.tlg004.opp-grc1	chapter
corpora/greek_literature/First1KGreek/tlg4102/tlg005/opp-grc1/1/tf/1.0	Catenae (Novum Testamentum)	Catena In Joannem	tlg4102.tlg005.opp-grc1	chapter
corpora/greek_literature/First1KGreek/tlg4102/tlg006/opp-grc1/1/tf/1.0	Catenae (Novum Testamentum)	Supplementum Et Varietas Lectionis Ad Catenam In Evangelium sancti Lucae	tlg4102.tlg006.opp-grc1	
corpora/greek_literature/First1KGreek/tlg4102/tlg007/opp-grc1/1/tf/1.0	Catenae (Novum Testamentum)	Supplementum Et Varietas Lectionis Ad Catenam In Evangelium	tlg4102.tlg007.opp-grc1	
corpora/greek_literature/First1KGreek/tlg4102/tlg008/opp-grc1/1/tf/1.0	Catenae (Novum Testamentum)	Catena In Acta	tlg4102.tlg008.opp-grc1	chapter
corpora/greek_literature/First1KGreek/tlg4102/tlg010/opp-grc1/1/tf/1.0	Catenae (Novum Testamentum)	Catena In Epistulam Ad Romanos (typus Vaticanus)	tlg4102.tlg010.opp-grc1	chapter
corpora/greek_literature/First1KGreek/tlg4102/tlg010/opp-grc1/2/tf/1.0	Anonymus Londinensis	Catenae Graecorum Patrum in Novum Testamentum	tlg4102.tlg010.opp-grc1	chapter
corpora/greek_literature/First1KGreek/tlg4102/tlg011/opp-grc1/1/tf/1.0	Catenae (Novum Testamentum)	Catena In Epistulam Ad Romanos (typus Monacensis)	tlg4102.tlg011.opp-grc1	chapter,verse,comment
corpora/greek_literature/First1KGreek/tlg4102/tlg012/opp-grc1/1/tf/1.0	Catenae (Novum Testamentum)	Catena In Epistulam I Ad Corinthios	tlg4102.tlg012.opp-grc1	chapter
corpora/greek_literature/First1KGreek/tlg4102/tlg012/opp-grc1/2/tf/1.0	Anonymus Londinensis	Catenae Graecorum Patrum in Novum Testamentum	tlg4102.tlg012.opp-grc1	chapter
corpora/greek_literature/First1KGreek/tlg4102/tlg013/opp-grc1/1/tf/1.0	Catenae (Novum Testamentum)	Catena In Epistulam II Ad Corinthios	tlg4102.tlg013.opp-grc1	chapter
corpora/greek_literature/First1KGreek/tlg4102/tlg019/opp-grc1/1/tf/1.0	Catenae (Novum Testamentum)	Catena In Epistulam Ad Galatas	tlg4102.tlg019.opp-grc1	chapter
corpora/greek_literature/First1KGreek/tlg4102/tlg020/opp-grc1/1/tf/1.0	Catenae (Novum Testamentum)	Catena In Epistulam Ad Ephesios	tlg4102.tlg020.opp-grc1	chapter
corpora/greek_literature/First1KGreek/tlg4102/tlg021/opp-grc1/1/tf/1.0	Catenae (Novum Testamentum)	Catena In Epistulam Ad Philippenses	tlg4102.tlg021.opp-grc1	chapter
corpora/greek_literature/First1KGreek/tlg4102/tlg022/opp-grc1/1/tf/1.0	Catenae (Novum Testamentum)	Catena In Epistulam Ad Colossenses	tlg4102.tlg022.opp-grc1	chapter
corpora/greek_literature/First1KGreek/tlg4102/tlg023/opp-grc1/1/tf/1.0	Catenae (Novum Testamentum)	Catena In Epistulam I Ad Thessalonicenses	tlg4102.tlg023.opp-grc1	chapter
corpora/greek_literature/First1KGreek/tlg4102/tlg024/opp-grc1/1/tf/1.0	Catenae (Novum Testamentum)	Catena In Epistulam II Ad Thessalonicenses	tlg4102.tlg024.opp-grc1	chapter
corpora/greek_literature/First1KGreek/tlg4102/tlg034/opp-grc1/1/tf/1.0	>, Catenae (Novum Testamentum)	Catena In Epistulam I Ad Timotheum	tlg4102.tlg034.opp-grc1	chapter
corpora/greek_literature/First1KGreek/tlg4102/tlg035/opp-grc1/1/tf/1.0	Catenae (Novum Testamentum)	Catena In Epistulam II Ad Timotheum	tlg4102.tlg035.opp-grc1	chapter
corpora/greek_literature/First1KGreek/tlg4102/tlg036/opp-grc1/1/tf/1.0	Catenae (Novum Testamentum)	Catena In Epistulam Ad Titum	tlg4102.tlg036.opp-grc1	chapter
corpora/greek_literature/First1KGreek/tlg4102/tlg037/opp-grc1/1/tf/1.0	Catenae (Novum Testamentum)	Catena In Epistulam Ad Philemonem	tlg4102.tlg037.opp-grc1	chapter
corpora/greek_literature/First1KGreek/tlg4102/tlg038/opp-grc1/1/tf/1.0	Catenae (Novum Testamentum)	Catena In Epistulam Ad Hebraeos	tlg4102.tlg038.opp-grc1	chapter
corpora/greek_literature/First1KGreek/tlg4102/tlg040/opp-grc1/1/tf/1.0	Catenae (Novum Testamentum)	Catena In Epistulam Jacobi	tlg4102.tlg040.opp-grc1	chapter
corpora/greek_literature/First1KGreek/tlg4102/tlg041/opp-grc1/1/tf/1.0	Catenae (Novum Testamentum)	Catena In Epistulam Petri I	tlg4102.tlg041.opp-grc1	chapter
corpora/greek_literature/First1KGreek/tlg4102/tlg042/opp-grc1/1/tf/1.0	Catenae (Novum Testamentum)	Catena In Epistulam Petri II	tlg4102.tlg042.opp-grc1	chapter
corpora/greek_literature/First1KGreek/tlg4102/tlg043/opp-grc1/1/tf/1.0	Catenae (Novum Testamentum)	Catena In Epistulam Joannis I	tlg4102.tlg043.opp-grc1	chapter
corpora/greek_literature/First1KGreek/tlg4102/tlg044/opp-grc1/1/tf/1.0	Catenae (Novum Testamentum)	Catena In Epistulam Joannis II	tlg4102.tlg044.opp-grc1	chapter
corpora/greek_literature/First1KGreek/tlg4102/tlg045/opp-grc1/1/tf/1.0	Catenae (Novum Testamentum)	Catena In Epistulam Joannis III	tlg4102.tlg045.opp-grc1	chapter
corpora/greek_literature/First1KGreek/tlg4102/tlg046/opp-grc1/1/tf/1.0	Catenae (Novum Testamentum)	Catena In Epistulam Juda	tlg4102.tlg046.opp-grc1	chapter,verse
corpora/greek_literature/First1KGreek/tlg4102/tlgX01/opp-grc1/1/tf/1.0	Catenae (Novum Testamentum)	Prooemium Pseudo-Oecumenii In Apocalypsin Commentarii	tlg4102.tlgX01.opp-grc1	chapter
corpora/greek_literature/First1KGreek/tlg4102/tlgX02/opp-grc1/1/tf/1.0	Catenae (Novum Testamentum)	Commentarius In Apocalypsin	tlg4102.tlgX02.opp-grc1	chapter
corpora/greek_literature/First1KGreek/tlg4102/tlgX03/opp-grc1/1/tf/1.0	Catenae (Novum Testamentum)	Commentarius In Apocalypsin	tlg4102.tlgX03.opp-grc1	book,chapter
corpora/greek_literature/First1KGreek/tlg4170/tlg001a/1st1K-grc1/1/tf/1.0	Vitae Pindari Et Varia De Pindaro	Vita Ambrosiana	tlg4170.tlg001a.1st1K-grc1	chapter
corpora/greek_literature/First1KGreek/tlg4170/tlg001b/1st1K-grc1/1/tf/1.0	Vitae Pindari Et Varia De Pindaro	Vita Thomana et hypothesis Olympiorum	tlg4170.tlg001b.1st1K-grc1	chapter
corpora/greek_literature/First1KGreek/tlg4170/tlg001c/1st1K-grc1/1/tf/1.0	Vitae Pindari Et Varia De Pindaro	Vita metrica	tlg4170.tlg001c.1st1K-grc1	chapter
corpora/greek_literature/First1KGreek/tlg4170/tlg001d/1st1K-grc1/1/tf/1.0	Vitae Pindari Et Varia De Pindaro	Pentathlon et de novem lyricis	tlg4170.tlg001d.1st1K-grc1	chapter
corpora/greek_literature/First1KGreek/tlg4174/tlg001/1st1K-grc1/1/tf/1.0	Anonymous	In Dionysii periegetae orbis descriptionem	tlg4174.tlg001.1st1K-grc1	section
corpora/greek_literature/First1KGreek/tlg4193/tlg012/opp/1/tf/1.0	Anonymus Londinensis	Commentaria in Aristotelem Graeca	tlg4193.tlg012.opp.grc1	chapter
corpora/greek_literature/First1KGreek/tlg4193/tlg012/opp-grc1/1/tf/1.0	Anonymi In Aristotelis Sophisticos Elenchos	In Aristotelis sophisticos elenchos paraphrasis	tlg4193.tlg012.opp-grc1	chapter
corpora/greek_literature/First1KGreek/tlg5019/tlg001/1st1K-grc1/1/tf/1.0	Anonymous	Scholia in Dionysium Periegetam	tlg5019.tlg001.1st1K-grc1	section
corpora/greek_literature/First1KGreek/tlg5022/tlg002/1st1K-grc1/1/tf/1.0	Scholia In Euclidem	Scholia in Euclidis Data	tlg5022.tlg002.1st1K-grc1	book,section
corpora/greek_literature/First1KGreek/tlg5022/tlg003/1st1K-grc1/1/tf/1.0	Scholia In Euclidem	Scholia in Euclidis optica (scholia vetera)	tlg5022.tlg003.1st1K-grc1	section
corpora/greek_literature/First1KGreek/tlg5022/tlg004/1st1K-grc1/1/tf/1.0	Scholia In Euclidem	Scholia in opticorum recensionem Theonis (scholia vetera)	tlg5022.tlg004.1st1K-grc1	section
corpora/greek_literature/First1KGreek/tlg5022/tlg005/1st1K-grc1/1/tf/1.0	Scholia In Euclidem	Scholia in Euclidis catoptrica (scholia vetera)	tlg5022.tlg005.1st1K-grc1	section
corpora/greek_literature/First1KGreek/tlg5022/tlg006/1st1K-grc1/1/tf/1.0	Scholia In Euclidem	Scholia in Euclidis phaenomena (scholia vetera)	tlg5022.tlg006.1st1K-grc1	chapter,section
corpora/greek_literature/First1KGreek/tlg5022/tlg007/1st1K-grc1/1/tf/1.0	Scholia In Euclidem	Scholia in Euclidis data et catoptrica (scholia vetera)	tlg5022.tlg007.1st1K-grc1	work
corpora/greek_literature/First1KGreek/tlg5023/tlg010/1st1K-grc1/1/tf/1.0	Scholia Euripidem	Vitae Euripidis	tlg5023.tlg010.1st1K-grc1	chapter
corpora/greek_literature/First1KGreek/tlg5023/tlg011/1st1K-grc1/1/tf/1.0	Scholia Euripidem	Scholia in Euripidis Rhesum	tlg5023.tlg011.1st1K-grc1	chapter,section
corpora/greek_literature/First1KGreek/tlg5023/tlg012/1st1K-grc1/1/tf/1.0	Scholia Euripidem	Scholia in Euripidis Troiades	tlg5023.tlg012.1st1K-grc1	chapter,section
corpora/greek_literature/First1KGreek/tlg5023/tlg013/1st1K-grc1/1/tf/1.0	Scholia Euripidem	Scholia in Euripidis Hippolytum	tlg5023.tlg013.1st1K-grc1	chapter,section
corpora/greek_literature/First1KGreek/tlg5023/tlg014/1st1K-grc1/1/tf/1.0	Scholia Euripidem	Scholia in Euripidis Hecubam (scholia vetera et scholia recentiora Thomae Magistri, Triclinii, Moschopuli et anonyma)	tlg5023.tlg014.1st1K-grc1	chapter,section
corpora/greek_literature/First1KGreek/tlg5026/tlg001/1st1K-grc1/1/tf/1.0	Scholia In Homerum	Scholia in Iliadum	tlg5026.tlg001.1st1K-grc1	volume,book,section
corpora/greek_literature/First1KGreek/tlg5026/tlg007/First1K-grc1/1/tf/1.0	Scholia In Homerum	Scholia in Odysseam	tlg5026.tlg007.First1K-grc1	volume,epigraph,book
corpora/greek_literature/First1KGreek/tlg5034/tlg001a/perseus-grc1/1/tf/1.0	Pindar Scholia	Scholia in Pindarum Olympian Odes	tlg5034.tlg001a.perseus-grc1	
corpora/greek_literature/First1KGreek/tlg5034/tlg001b/perseus-grc1/1/tf/1.0	Pindar Scholia	Scholia in Pindarum Pythian Odes	tlg5034.tlg001b.perseus-grc1	
corpora/greek_literature/First1KGreek/tlg5034/tlg001c/perseus-grc1/1/tf/1.0	Pindar Scholia	Scholia in Pindarum Nemean Odes	tlg5034.tlg001c.perseus-grc1	
corpora/greek_literature/First1KGreek/tlg5034/tlg001d/perseus-grc1/1/tf/1.0	Pindar Scholia	Scholia in Pindarum Isthmian Odes	tlg5034.tlg001d.perseus-grc1	
corpora/greek_literature/First1KGreek/tlg5037/tlg004/1st1K-grc1/1/tf/1.0	Scholia In Sophoclem	Scholia in Sophoclem (scholia vetera)	tlg5037.tlg004.1st1K-grc1	book,section
corpora/greek_literature/First1KGreek/tlg9004/tlg001/opp/1/tf/1.0	Anonymous	COMMENTARIA IN ARISTOTELEM GRAECA	tlg9004.tlg001.opp.grc1	chapter
corpora/greek_literature/First1KGreek/tlg9004/tlg001/opp-grc1/1/tf/1.0	Anonymi In Aristotelis Librum Alterum Analyticorum Posteriorum	Anonymi in analyticorum posteriorum librum alterum commentarium	tlg9004.tlg001.opp-grc1	chapter
corpora/greek_literature/First1KGreek/tlg9006/tlg011/opp/1/tf/1.0	Origenes	Libanius Opera	tlg9006.tlg011.opp.grc1	chapter
corpora/greek_literature/First1KGreek/tlg9006/tlg011/opp-grc1/1/tf/1.0	Plotinus	Libanius Opera	tlg9006.tlg011.opp-grc1	chapter
corpora/greek_literature/First1KGreek/tlg9010/tlg001/1st1K-grc1/1/tf/1.0	Suda	Suidae lexicon	tlg9010.tlg001.1st1K-grc1	book,chapter,section
corpora/greek_literature/First1KGreek/tlg9019/tlg001/opp-grc1/1/tf/1.0	Stephanus of Alexandria	In Aristotelis librum de interpretatione commentarium	tlg9019.tlg001.opp-grc1	chapter
corpora/greek_literature/canonical-greekLit/tlg0001/tlg001/perseus-grc2/1/tf/1.0	Apollonius Rhodius	Argonautica	tlg0001.tlg001.perseus-grc2	book,card,card
corpora/greek_literature/canonical-greekLit/tlg0003/tlg001/perseus-grc2/1/tf/1.0	Thucydides	The Peloponnesian War	tlg0003.tlg001.perseus-grc2	book,chapter,section
corpora/greek_literature/canonical-greekLit/tlg0004/tlg001/perseus-grc1/1/tf/1.0	Diogenes Laertius	Lives of Eminent Philosophers	tlg0004.tlg001.perseus-grc1	book,chapter,section
corpora/greek_literature/canonical-greekLit/tlg0005/tlg001/perseus-grc1/1/tf/1.0	Theocritus	Idylls	tlg0005.tlg001.perseus-grc1	poem
corpora/greek_literature/canonical-greekLit/tlg0005/tlg002/perseus-grc1/1/tf/1.0	Theocritus	Epigrams	tlg0005.tlg002.perseus-grc1	poem
corpora/greek_literature/canonical-greekLit/tlg0006/tlg006/perseus-grc2/1/tf/1.0	Euripides	Andromache, Machine readable text	tlg0006.tlg006.perseus-grc2	card,strophe,antistrophe
corpora/greek_literature/canonical-greekLit/tlg0006/tlg007/perseus-grc2/1/tf/1.0	Euripides	Ἑκάβη, Machine readable text	tlg0006.tlg007.perseus-grc2	card,strophe,antistrophe
corpora/greek_literature/canonical-greekLit/tlg0006/tlg008/perseus-grc2/1/tf/1.0	Euripides	Ἱκέτιδες, Machine readable text	tlg0006.tlg008.perseus-grc2	card,strophe,antistrophe
corpora/greek_literature/canonical-greekLit/tlg0006/tlg009/perseus-grc2/1/tf/1.0	Euripides	Ἡρακλῆς, Machine readable text	tlg0006.tlg009.perseus-grc2	card,card,ephymnion
corpora/greek_literature/canonical-greekLit/tlg0006/tlg010/perseus-grc2/1/tf/1.0	Euripides	Ἴων, Machine readable text	tlg0006.tlg010.perseus-grc2	card,strophe,antistrophe
corpora/greek_literature/canonical-greekLit/tlg0006/tlg011/perseus-grc2/1/tf/1.0	Euripides	Τρῳάδες, Machine readable text	tlg0006.tlg011.perseus-grc2	card,strophe,antistrophe
corpora/greek_literature/canonical-greekLit/tlg0006/tlg012/perseus-grc2/1/tf/1.0	Euripides	Ἠλέκτρα, Machine readable text	tlg0006.tlg012.perseus-grc2	card,strophe,antistrophe
corpora/greek_literature/canonical-greekLit/tlg0006/tlg013/perseus-grc2/1/tf/1.0	Euripides	Ἰφιγένεια ἐν Ταύροις, Machine readable text	tlg0006.tlg013.perseus-grc2	card,strophe,antistrophe
corpora/greek_literature/canonical-greekLit/tlg0006/tlg014/perseus-grc2/1/tf/1.0	Euripides	Ἑλένη, Machine readable text	tlg0006.tlg014.perseus-grc2	card,strophe,antistrophe
corpora/greek_literature/canonical-greekLit/tlg0006/tlg015/perseus-grc2/1/tf/1.0	Euripides	Φοίνισσαι, Machine readable text	tlg0006.tlg015.perseus-grc2	card,strophe,antistrophe
corpora/greek_literature/canonical-greekLit/tlg0006/tlg016/perseus-grc2/1/tf/1.0	Euripides	Orestes, Machine readable text	tlg0006.tlg016.perseus-grc2	card,strophe,antistrophe
corpora/greek_literature/canonical-greekLit/tlg0006/tlg017/perseus-grc2/1/tf/1.0	Euripides	Βάκχαι	tlg0006.tlg017.perseus-grc2	card,strophe,antistrophe
corpora/greek_literature/canonical-greekLit/tlg0006/tlg018/perseus-grc2/1/tf/1.0	Euripides	Ἰφιγένεια ἐν Αὐλίδι, Machine readable text	tlg0006.tlg018.perseus-grc2	card,strophe,antistrophe
corpora/greek_literature/canonical-greekLit/tlg0006/tlg019/perseus-grc2/1/tf/1.0	Euripides	Ῥῆσος, Machine readable text	tlg0006.tlg019.perseus-grc2	card,strophe,antistrophe
corpora/greek_literature/canonical-greekLit/tlg0007/tlg001/perseus-grc2/1/tf/1.0	Plutarch	Theseus	tlg0007.tlg001.perseus-grc2	chapter,section
corpora/greek_literature/canonical-greekLit/tlg0007/tlg002/perseus-grc2/1/tf/1.0	Plutarch	Romulus	tlg0007.tlg002.perseus-grc2	chapter,section
corpora/greek_literature/canonical-greekLit/tlg0007/tlg003/perseus-grc2/1/tf/1.0	Plutarch	Comparison of Theseus and Romulus	tlg0007.tlg003.perseus-grc2	chapter,section
corpora/greek_literature/canonical-greekLit/tlg0007/tlg004/perseus-grc2/1/tf/1.0	Plutarch	Lycurgus	tlg0007.tlg004.perseus-grc2	chapter,section
corpora/greek_literature/canonical-greekLit/tlg0007/tlg005/perseus-grc2/1/tf/1.0	Plutarch	Numa	tlg0007.tlg005.perseus-grc2	chapter,section
corpora/greek_literature/canonical-greekLit/tlg0007/tlg006/perseus-grc2/1/tf/1.0	Plutarch	Comparison of Lycurgus and Numa	tlg0007.tlg006.perseus-grc2	chapter,section
corpora/greek_literature/canonical-greekLit/tlg0007/tlg007/perseus-grc2/1/tf/1.0	Plutarch	Solon	tlg0007.tlg007.perseus-grc2	chapter,section
corpora/greek_literature/canonical-greekLit/tlg0007/tlg008/perseus-grc2/1/tf/1.0	Plutarch	Publicola	tlg0007.tlg008.perseus-grc2	chapter,section
corpora/greek_literature/canonical-greekLit/tlg0007/tlg009/perseus-grc2/1/tf/1.0	Plutarch	Comparison of Solon and Publicola	tlg0007.tlg009.perseus-grc2	chapter,section
corpora/greek_literature/canonical-greekLit/tlg0007/tlg010/perseus-grc2/1/tf/1.0	Plutarch	Themistocles	tlg0007.tlg010.perseus-grc2	chapter,section
corpora/greek_literature/canonical-greekLit/tlg0007/tlg011/perseus-grc2/1/tf/1.0	Plutarch	Camillus	tlg0007.tlg011.perseus-grc2	chapter,section,section
corpora/greek_literature/canonical-greekLit/tlg0007/tlg012/perseus-grc2/1/tf/1.0	Plutarch	Pericles	tlg0007.tlg012.perseus-grc2	chapter,section
corpora/greek_literature/canonical-greekLit/tlg0007/tlg013/perseus-grc2/1/tf/1.0	Plutarch	Fabius Maximus	tlg0007.tlg013.perseus-grc2	chapter,section
corpora/greek_literature/canonical-greekLit/tlg0007/tlg014/perseus-grc2/1/tf/1.0	Plutarch	Comparison of Pericles and Fabius Maximus	tlg0007.tlg014.perseus-grc2	chapter,section
corpora/greek_literature/canonical-greekLit/tlg0007/tlg015/perseus-grc2/1/tf/1.0	Plutarch	Alcibiades	tlg0007.tlg015.perseus-grc2	chapter,section
corpora/greek_literature/canonical-greekLit/tlg0007/tlg016/perseus-grc2/1/tf/1.0	Plutarch	Caius Marcius Coriolanus	tlg0007.tlg016.perseus-grc2	chapter,section
corpora/greek_literature/canonical-greekLit/tlg0007/tlg017/perseus-grc2/1/tf/1.0	Plutarch	Comparison of Alcibiades and Coriolanus	tlg0007.tlg017.perseus-grc2	chapter,section
corpora/greek_literature/canonical-greekLit/tlg0007/tlg018/perseus-grc2/1/tf/1.0	Plutarch	Timoleon	tlg0007.tlg018.perseus-grc2	chapter,section,section
corpora/greek_literature/canonical-greekLit/tlg0007/tlg019/perseus-grc2/1/tf/1.0	Plutarch	Aemilius Paulus	tlg0007.tlg019.perseus-grc2	chapter,section
corpora/greek_literature/canonical-greekLit/tlg0007/tlg020/perseus-grc2/1/tf/1.0	Plutarch	Comparison of Timoleon and Aemilius	tlg0007.tlg020.perseus-grc2	chapter,section
corpora/greek_literature/canonical-greekLit/tlg0007/tlg021/perseus-grc2/1/tf/1.0	Plutarch	Pelopidas	tlg0007.tlg021.perseus-grc2	chapter,section
corpora/greek_literature/canonical-greekLit/tlg0007/tlg022/perseus-grc2/1/tf/1.0	Plutarch	Marcellus	tlg0007.tlg022.perseus-grc2	chapter,section
corpora/greek_literature/canonical-greekLit/tlg0007/tlg023/perseus-grc2/1/tf/1.0	Plutarch	Machine readable text, Comparison of Pelopidas and Marcellus	tlg0007.tlg023.perseus-grc2	chapter,section
corpora/greek_literature/canonical-greekLit/tlg0007/tlg024/perseus-grc2/1/tf/1.0	Plutarch	Machine readable text, Aristides	tlg0007.tlg024.perseus-grc2	chapter,section
corpora/greek_literature/canonical-greekLit/tlg0007/tlg025/perseus-grc2/1/tf/1.0	Plutarch	Machine readable text, Marcus Cato	tlg0007.tlg025.perseus-grc2	chapter,section
corpora/greek_literature/canonical-greekLit/tlg0007/tlg026/perseus-grc2/1/tf/1.0	Plutarch	Machine readable text, Comparison of Aristides and Marcus Cato	tlg0007.tlg026.perseus-grc2	chapter,section
corpora/greek_literature/canonical-greekLit/tlg0007/tlg027/perseus-grc2/1/tf/1.0	Plutarch	Machine readable text, Philopoemen	tlg0007.tlg027.perseus-grc2	chapter,section
corpora/greek_literature/canonical-greekLit/tlg0007/tlg028/perseus-grc2/1/tf/1.0	Plutarch	Machine readable text, Titus Flamininus	tlg0007.tlg028.perseus-grc2	chapter,section
corpora/greek_literature/canonical-greekLit/tlg0007/tlg029/perseus-grc2/1/tf/1.0	Plutarch	Machine readable text, Comparison of Philopoemen and Titus	tlg0007.tlg029.perseus-grc2	chapter,section
corpora/greek_literature/canonical-greekLit/tlg0007/tlg030/perseus-grc2/1/tf/1.0	Plutarch	Machine readable text, Pyrrhus	tlg0007.tlg030.perseus-grc2	chapter,section
corpora/greek_literature/canonical-greekLit/tlg0007/tlg031/perseus-grc2/1/tf/1.0	Plutarch	Machine readable text, Caius Marius	tlg0007.tlg031.perseus-grc2	chapter,section
corpora/greek_literature/canonical-greekLit/tlg0007/tlg032/perseus-grc2/1/tf/1.0	Plutarch	Machine readable text, Lysander	tlg0007.tlg032.perseus-grc2	chapter,section
corpora/greek_literature/canonical-greekLit/tlg0007/tlg033/perseus-grc2/1/tf/1.0	Plutarch	Machine readable text, Sulla	tlg0007.tlg033.perseus-grc2	chapter,section
corpora/greek_literature/canonical-greekLit/tlg0007/tlg034/perseus-grc2/1/tf/1.0	Plutarch	Machine readable text, Comparison of Lysander and Sulla	tlg0007.tlg034.perseus-grc2	chapter,section
corpora/greek_literature/canonical-greekLit/tlg0007/tlg035/perseus-grc2/1/tf/1.0	Plutarch	Machine readable text, Cimon	tlg0007.tlg035.perseus-grc2	chapter,section
corpora/greek_literature/canonical-greekLit/tlg0007/tlg036/perseus-grc2/1/tf/1.0	Plutarch	Machine readable text, Lucullus	tlg0007.tlg036.perseus-grc2	chapter,section
corpora/greek_literature/canonical-greekLit/tlg0007/tlg037/perseus-grc2/1/tf/1.0	Plutarch	Machine readable text, Comparison of Lucullus and Cimon	tlg0007.tlg037.perseus-grc2	chapter,section
corpora/greek_literature/canonical-greekLit/tlg0007/tlg038/perseus-grc2/1/tf/1.0	Plutarch	Machine readable text, Nicias	tlg0007.tlg038.perseus-grc2	chapter,section
corpora/greek_literature/canonical-greekLit/tlg0007/tlg039/perseus-grc2/1/tf/1.0	Plutarch	Machine readable text, Crassus	tlg0007.tlg039.perseus-grc2	chapter,section
corpora/greek_literature/canonical-greekLit/tlg0007/tlg040/perseus-grc2/1/tf/1.0	Plutarch	Machine readable text, Comparison of Nicias and Crassus	tlg0007.tlg040.perseus-grc2	chapter,section
corpora/greek_literature/canonical-greekLit/tlg0007/tlg041/perseus-grc2/1/tf/1.0	Plutarch	Machine readable text, Eumenes	tlg0007.tlg041.perseus-grc2	chapter,section
corpora/greek_literature/canonical-greekLit/tlg0007/tlg042/perseus-grc2/1/tf/1.0	Plutarch	Machine readable text, Sertorius	tlg0007.tlg042.perseus-grc2	chapter,section
corpora/greek_literature/canonical-greekLit/tlg0007/tlg043/perseus-grc2/1/tf/1.0	Plutarch	Machine readable text, Comparison of Sertorius and Eumenes	tlg0007.tlg043.perseus-grc2	chapter,section
corpora/greek_literature/canonical-greekLit/tlg0007/tlg044/perseus-grc2/1/tf/1.0	Plutarch	Machine readable text, Agesilaus	tlg0007.tlg044.perseus-grc2	chapter,section,section
corpora/greek_literature/canonical-greekLit/tlg0007/tlg045/perseus-grc2/1/tf/1.0	Plutarch	Machine readable text, Pompey	tlg0007.tlg045.perseus-grc2	chapter,section,section
corpora/greek_literature/canonical-greekLit/tlg0007/tlg046/perseus-grc2/1/tf/1.0	Plutarch	Machine readable text, Comparison of Agesilaus and Pompey	tlg0007.tlg046.perseus-grc2	chapter,section
corpora/greek_literature/canonical-greekLit/tlg0007/tlg047/perseus-grc2/1/tf/1.0	Plutarch	Machine readable text, Alexander	tlg0007.tlg047.perseus-grc2	chapter,section
corpora/greek_literature/canonical-greekLit/tlg0007/tlg048/perseus-grc2/1/tf/1.0	Plutarch	Machine readable text, Caesar	tlg0007.tlg048.perseus-grc2	chapter,section
corpora/greek_literature/canonical-greekLit/tlg0007/tlg049/perseus-grc2/1/tf/1.0	Plutarch	Machine readable text, Phocion	tlg0007.tlg049.perseus-grc2	chapter,section
corpora/greek_literature/canonical-greekLit/tlg0007/tlg050/perseus-grc2/1/tf/1.0	Plutarch	Machine readable text, Cato the Younger	tlg0007.tlg050.perseus-grc2	chapter,section
corpora/greek_literature/canonical-greekLit/tlg0007/tlg051/perseus-grc1/1/tf/1.0	Plutarch	Machine readable text, Agis and Cleomenes	tlg0007.tlg051.perseus-grc1	book,chapter,section
corpora/greek_literature/canonical-greekLit/tlg0007/tlg052/perseus-grc1/1/tf/1.0	Plutarch	Machine readable text, Tiberius and Caius Gracchus	tlg0007.tlg052.perseus-grc1	book,chapter,section
corpora/greek_literature/canonical-greekLit/tlg0007/tlg053/perseus-grc2/1/tf/1.0	Plutarch	Machine readable text, Comparison of Agis and Cleomenes and the Gracchi	tlg0007.tlg053.perseus-grc2	chapter,section
corpora/greek_literature/canonical-greekLit/tlg0007/tlg054/perseus-grc2/1/tf/1.0	Plutarch	Machine readable text, Demosthenes	tlg0007.tlg054.perseus-grc2	chapter,section
corpora/greek_literature/canonical-greekLit/tlg0007/tlg055/perseus-grc2/1/tf/1.0	Plutarch	Machine readable text, Cicero	tlg0007.tlg055.perseus-grc2	chapter,section
corpora/greek_literature/canonical-greekLit/tlg0007/tlg056/perseus-grc2/1/tf/1.0	Plutarch	Machine readable text, Comparison of Demosthenes with Cicero	tlg0007.tlg056.perseus-grc2	chapter,section
corpora/greek_literature/canonical-greekLit/tlg0007/tlg057/perseus-grc2/1/tf/1.0	Plutarch	Demetrius, Machine readable text	tlg0007.tlg057.perseus-grc2	chapter,section
corpora/greek_literature/canonical-greekLit/tlg0007/tlg058/perseus-grc2/1/tf/1.0	Plutarch	Antony, Machine readable text	tlg0007.tlg058.perseus-grc2	chapter,section
corpora/greek_literature/canonical-greekLit/tlg0007/tlg059/perseus-grc2/1/tf/1.0	Plutarch	Comparison of Demetrius and Antony, Machine readable text	tlg0007.tlg059.perseus-grc2	chapter,section
corpora/greek_literature/canonical-greekLit/tlg0007/tlg060/perseus-grc2/1/tf/1.0	Plutarch	Machine readable text, Dion	tlg0007.tlg060.perseus-grc2	chapter,section,section
corpora/greek_literature/canonical-greekLit/tlg0007/tlg061/perseus-grc2/1/tf/1.0	Plutarch	Machine readable text, Brutus	tlg0007.tlg061.perseus-grc2	chapter,section,section
corpora/greek_literature/canonical-greekLit/tlg0007/tlg062/perseus-grc2/1/tf/1.0	Plutarch	Machine readable text, Comparison of Dion and Brutus	tlg0007.tlg062.perseus-grc2	chapter,section
corpora/greek_literature/canonical-greekLit/tlg0007/tlg063/perseus-grc2/1/tf/1.0	Plutarch	Machine readable text, Aratus	tlg0007.tlg063.perseus-grc2	chapter,section
corpora/greek_literature/canonical-greekLit/tlg0007/tlg064/perseus-grc2/1/tf/1.0	Plutarch	Machine readable text, Artaxerxes	tlg0007.tlg064.perseus-grc2	chapter,section
corpora/greek_literature/canonical-greekLit/tlg0007/tlg065/perseus-grc2/1/tf/1.0	Plutarch	Machine readable text, Galba	tlg0007.tlg065.perseus-grc2	chapter,section
corpora/greek_literature/canonical-greekLit/tlg0007/tlg066/perseus-grc2/1/tf/1.0	Plutarch	Machine readable text, Otho	tlg0007.tlg066.perseus-grc2	chapter,section
corpora/greek_literature/canonical-greekLit/tlg0007/tlg067/perseus-grc2/1/tf/1.0	Plutarch	Περὶ παίδων ἀγωγῆς, Machine readable text	tlg0007.tlg067.perseus-grc2	section
corpora/greek_literature/canonical-greekLit/tlg0007/tlg068/perseus-grc2/1/tf/1.0	Plutarch	Πῶς δεῖ τὸν νέον ποιημάτων ἀκούειν	tlg0007.tlg068.perseus-grc2	section
corpora/greek_literature/canonical-greekLit/tlg0007/tlg069/perseus-grc2/1/tf/1.0	Plutarch	Περὶ τοῦ ἀκούειν	tlg0007.tlg069.perseus-grc2	section
corpora/greek_literature/canonical-greekLit/tlg0007/tlg070/perseus-grc2/1/tf/1.0	Plutarch	Πῶς ἄν τις διακρίνειε τὸν κόλκακα τοῦ φίλου	tlg0007.tlg070.perseus-grc2	section
corpora/greek_literature/canonical-greekLit/tlg0007/tlg071/perseus-grc2/1/tf/1.0	Plutarch	Πῶς ἄν τις αἴσθοιτο ἑαυτοῦ προκόπτοντος ἐπʼ ἀρετή	tlg0007.tlg071.perseus-grc2	section
corpora/greek_literature/canonical-greekLit/tlg0007/tlg072/perseus-grc2/1/tf/1.0	Plutarch	Πῶς ἄν τις ἀπ’ ἐχθρῶν ὠφελοῖτο	tlg0007.tlg072.perseus-grc2	section
corpora/greek_literature/canonical-greekLit/tlg0007/tlg073/perseus-grc2/1/tf/1.0	Plutarch	Περί πολυφιλίας	tlg0007.tlg073.perseus-grc2	section
corpora/greek_literature/canonical-greekLit/tlg0007/tlg074/perseus-grc2/1/tf/1.0	Plutarch	Περὶ τύχης, Machine readable text	tlg0007.tlg074.perseus-grc2	section
corpora/greek_literature/canonical-greekLit/tlg0007/tlg075/perseus-grc2/1/tf/1.0	Plutarch	Περὶ ἀρετῆς καὶ κακιάς	tlg0007.tlg075.perseus-grc2	section
corpora/greek_literature/canonical-greekLit/tlg0007/tlg076/perseus-grc2/1/tf/1.0	Plutarch	Πραμυθητικὸς πρὸς Ἀπολλώνιον	tlg0007.tlg076.perseus-grc2	section
corpora/greek_literature/canonical-greekLit/tlg0007/tlg077/perseus-grc2/1/tf/1.0	Plutarch	Ὑγιεινὰ παραγγέλματα	tlg0007.tlg077.perseus-grc2	section
corpora/greek_literature/canonical-greekLit/tlg0007/tlg078/perseus-grc2/1/tf/1.0	Plutarch	Γαμικὰ παραγγέλματα	tlg0007.tlg078.perseus-grc2	section
corpora/greek_literature/canonical-greekLit/tlg0007/tlg079/perseus-grc2/1/tf/1.0	Plutarch	Των επτά σοφών συμπόσιον	tlg0007.tlg079.perseus-grc2	section
corpora/greek_literature/canonical-greekLit/tlg0007/tlg080/perseus-grc2/1/tf/1.0	Plutarch	Περὶ δεισιδαιμονίας	tlg0007.tlg080.perseus-grc2	section
corpora/greek_literature/canonical-greekLit/tlg0007/tlg081/perseus-grc3/1/tf/1.0	Plutarch	Ἀποφθέγματα βασιλέων καὶ στρατηγῶν	tlg0007.tlg081.perseus-grc3	chapter,section
corpora/greek_literature/canonical-greekLit/tlg0007/tlg081/perseus-grc4/1/tf/1.0	Plutarch	Ἀποφθέγματα βασιλέων καὶ στρατηγῶν	tlg0007.tlg081.perseus-grc4	chapter,section
corpora/greek_literature/canonical-greekLit/tlg0007/tlg082/perseus-grc3/1/tf/1.0	Plutarch	Ἀποφθέγματα Λακωνικά	tlg0007.tlg082.perseus-grc3	chapter,section
corpora/greek_literature/canonical-greekLit/tlg0007/tlg082/perseus-grc4/1/tf/1.0	Plutarch	Ἀποφθέγματα Λακωνικά	tlg0007.tlg082.perseus-grc4	chapter,section
corpora/greek_literature/canonical-greekLit/tlg0007/tlg082a/perseus-grc3/1/tf/1.0	Plutarch	Τὰ παλαιὰ τῶν Λακεδαινίων ἐπιτηδεύματα	tlg0007.tlg082a.perseus-grc3	section
corpora/greek_literature/canonical-greekLit/tlg0007/tlg082a/perseus-grc4/1/tf/1.0	Plutarch	Τὰ παλαιὰ τῶν Λακεδαινίων ἐπιτηδεύματα	tlg0007.tlg082a.perseus-grc4	section
corpora/greek_literature/canonical-greekLit/tlg0007/tlg082b/perseus-grc3/1/tf/1.0	Plutarch	Λακαινῶν ἀποφθάγματα	tlg0007.tlg082b.perseus-grc3	chapter,section
corpora/greek_literature/canonical-greekLit/tlg0007/tlg082b/perseus-grc4/1/tf/1.0	Plutarch	Λακαινῶν ἀποφθάγματα	tlg0007.tlg082b.perseus-grc4	chapter,section
corpora/greek_literature/canonical-greekLit/tlg0007/tlg083/perseus-grc3/1/tf/1.0	Plutarch	Γυναικῶν ἀρεταί	tlg0007.tlg083.perseus-grc3	section
corpora/greek_literature/canonical-greekLit/tlg0007/tlg083/perseus-grc4/1/tf/1.0	Plutarch	Γυναικῶν ἀρεταί	tlg0007.tlg083.perseus-grc4	section
corpora/greek_literature/canonical-greekLit/tlg0007/tlg084a/perseus-grc3/1/tf/1.0	Plutarch	Ἀίτια Ῥωμαϊκά	tlg0007.tlg084a.perseus-grc3	section
corpora/greek_literature/canonical-greekLit/tlg0007/tlg084a/perseus-grc4/1/tf/1.0	Plutarch	Κεφαλαίων καταγραφή Ῥωμαϊκά	tlg0007.tlg084a.perseus-grc4	section
corpora/greek_literature/canonical-greekLit/tlg0007/tlg084b/perseus-grc3/1/tf/1.0	Plutarch	Αἴτια Ἑλληνικά	tlg0007.tlg084b.perseus-grc3	section
corpora/greek_literature/canonical-greekLit/tlg0007/tlg084b/perseus-grc4/1/tf/1.0	Plutarch	Κεφαλαίων καταγραφή Ἑλληνικά	tlg0007.tlg084b.perseus-grc4	section
corpora/greek_literature/canonical-greekLit/tlg0007/tlg085/perseus-grc3/1/tf/1.0	Plutarch	Συναγωγὴ ἱστοριῶν παραλλήλων Ἑλληνικῶν καὶ Ῥωμαϊκῶν	tlg0007.tlg085.perseus-grc3	section
corpora/greek_literature/canonical-greekLit/tlg0007/tlg085/perseus-grc4/1/tf/1.0	Plutarch	Συναγωγὴ ἱστοριῶν παραλλήλων Ἑλληνικῶν καὶ Ῥωμαϊκῶν	tlg0007.tlg085.perseus-grc4	section
corpora/greek_literature/canonical-greekLit/tlg0007/tlg086/perseus-grc3/1/tf/1.0	Plutarch	Περὶ τῆς Ῥωμαίων τύχης	tlg0007.tlg086.perseus-grc3	section
corpora/greek_literature/canonical-greekLit/tlg0007/tlg086/perseus-grc4/1/tf/1.0	Plutarch	Περὶ τῆς Ῥωμαίων τύχης	tlg0007.tlg086.perseus-grc4	section
corpora/greek_literature/canonical-greekLit/tlg0007/tlg087/perseus-grc3/1/tf/1.0	Plutarch	Περὶ τῆς Ἀλεξάνδρου τύχης ἢ ἀρετῆς λόγος Α, λόγος Β	tlg0007.tlg087.perseus-grc3	chapter,section
corpora/greek_literature/canonical-greekLit/tlg0007/tlg087/perseus-grc4/1/tf/1.0	Plutarch	Περὶ τῆς Ἀλεξάνδρου τύχης ἢ ἀρετῆς λόγος Α, λόγος Β	tlg0007.tlg087.perseus-grc4	chapter,section
corpora/greek_literature/canonical-greekLit/tlg0007/tlg088/perseus-grc3/1/tf/1.0	Plutarch	Πότερον Ἀθηναῖοι κατὰ πόλεμον ἢ κατὰ σοφίαν ἐνδοξότεροι	tlg0007.tlg088.perseus-grc3	section
corpora/greek_literature/canonical-greekLit/tlg0007/tlg088/perseus-grc4/1/tf/1.0	Plutarch	Πότερον Ἀθηναῖοι κατὰ πόλεμον ἢ κατὰ σοφίαν ἐνδοξότεροι	tlg0007.tlg088.perseus-grc4	section
corpora/greek_literature/canonical-greekLit/tlg0007/tlg089/perseus-grc2/1/tf/1.0	Plutarch	Περὶ Ἴσιδος και Ὀσίριδος	tlg0007.tlg089.perseus-grc2	section
corpora/greek_literature/canonical-greekLit/tlg0007/tlg090/perseus-grc2/1/tf/1.0	Plutarch	Περὶ τοῦ Ε τοῦ ἐν Δελφοῖς	tlg0007.tlg090.perseus-grc2	section
corpora/greek_literature/canonical-greekLit/tlg0007/tlg091/perseus-grc2/1/tf/1.0	Plutarch	Περὶ τοῦ μὴ χρᾶν ἔμμετρα νῦν τὴν Πυθίαν	tlg0007.tlg091.perseus-grc2	section
corpora/greek_literature/canonical-greekLit/tlg0007/tlg092/perseus-grc2/1/tf/1.0	Plutarch	Περὶ τῶν ἐκλελοιπότων	tlg0007.tlg092.perseus-grc2	section
corpora/greek_literature/canonical-greekLit/tlg0007/tlg093/perseus-grc2/1/tf/1.0	Plutarch	Εἰ διδακτὸν ἡ ἀρετή	tlg0007.tlg093.perseus-grc2	section
corpora/greek_literature/canonical-greekLit/tlg0007/tlg094/perseus-grc2/1/tf/1.0	Plutarch	Περὶ τῆς ἠθικῆς ἀρετῆς	tlg0007.tlg094.perseus-grc2	section
corpora/greek_literature/canonical-greekLit/tlg0007/tlg095/perseus-grc2/1/tf/1.0	Plutarch	Περὶ ἀοπγησίας	tlg0007.tlg095.perseus-grc2	section
corpora/greek_literature/canonical-greekLit/tlg0007/tlg096/perseus-grc2/1/tf/1.0	Plutarch	Περὶ εὐθυμίας	tlg0007.tlg096.perseus-grc2	section
corpora/greek_literature/canonical-greekLit/tlg0007/tlg097/perseus-grc2/1/tf/1.0	Plutarch	Περὶ φιλαδελφίας	tlg0007.tlg097.perseus-grc2	section
corpora/greek_literature/canonical-greekLit/tlg0007/tlg098/perseus-grc1/1/tf/1.0	Plutarch	De amore prolis, Machine readable text	tlg0007.tlg098.perseus-grc1	section
corpora/greek_literature/canonical-greekLit/tlg0007/tlg098/perseus-grc2/1/tf/1.0	Plutarch	Περὶ τῆς εἰς τὰ ἔκγονα φιλοστοργίας	tlg0007.tlg098.perseus-grc2	section
corpora/greek_literature/canonical-greekLit/tlg0007/tlg099/perseus-grc1/1/tf/1.0	Plutarch	An vitiositas ad infelicitatem sufficia, Machine readable text	tlg0007.tlg099.perseus-grc1	section
corpora/greek_literature/canonical-greekLit/tlg0007/tlg099/perseus-grc2/1/tf/1.0	Plutarch	Εἰ αὐτάρκης ἡ κακία πρὸς κακοδαιμονίαν	tlg0007.tlg099.perseus-grc2	section
corpora/greek_literature/canonical-greekLit/tlg0007/tlg100/perseus-grc2/1/tf/1.0	Plutarch	Ποτερον τὰ τῆς ψυχῆς ἢ τὰ τοῦ σώματος πάθη χείρονα	tlg0007.tlg100.perseus-grc2	section
corpora/greek_literature/canonical-greekLit/tlg0007/tlg101/perseus-grc1/1/tf/1.0	Plutarch	De garrulitate, Machine readable text	tlg0007.tlg101.perseus-grc1	section
corpora/greek_literature/canonical-greekLit/tlg0007/tlg101/perseus-grc2/1/tf/1.0	Plutarch	Περὶ ἀδολεσχίας	tlg0007.tlg101.perseus-grc2	section
corpora/greek_literature/canonical-greekLit/tlg0007/tlg102/perseus-grc1/1/tf/1.0	Plutarch	De curiositate, Machine readable text	tlg0007.tlg102.perseus-grc1	section
corpora/greek_literature/canonical-greekLit/tlg0007/tlg102/perseus-grc2/1/tf/1.0	Plutarch	Περὶ πολυπραγμοσύνης	tlg0007.tlg102.perseus-grc2	section
corpora/greek_literature/canonical-greekLit/tlg0007/tlg103/perseus-grc1/1/tf/1.0	Plutarch	De cupiditate divitiarum, Machine readable text	tlg0007.tlg103.perseus-grc1	section
corpora/greek_literature/canonical-greekLit/tlg0007/tlg103/perseus-grc2/1/tf/1.0	Plutarch	Περὶ φιλοπλουτίας	tlg0007.tlg103.perseus-grc2	section
corpora/greek_literature/canonical-greekLit/tlg0007/tlg104/perseus-grc1/1/tf/1.0	Plutarch	De vitioso pudore, Machine readable text	tlg0007.tlg104.perseus-grc1	section
corpora/greek_literature/canonical-greekLit/tlg0007/tlg104/perseus-grc2/1/tf/1.0	Plutarch	Περὶ δυσωπίας	tlg0007.tlg104.perseus-grc2	section
corpora/greek_literature/canonical-greekLit/tlg0007/tlg105/perseus-grc1/1/tf/1.0	Plutarch	De invidia et odio, Machine readable text	tlg0007.tlg105.perseus-grc1	section
corpora/greek_literature/canonical-greekLit/tlg0007/tlg105/perseus-grc2/1/tf/1.0	Plutarch	Περὶ φθόνου καὶ μίσους	tlg0007.tlg105.perseus-grc2	section
corpora/greek_literature/canonical-greekLit/tlg0007/tlg106/perseus-grc1/1/tf/1.0	Plutarch	De Se Ipsum Citra Invidiam Laudando, Machine readable text	tlg0007.tlg106.perseus-grc1	section
corpora/greek_literature/canonical-greekLit/tlg0007/tlg107/perseus-grc1/1/tf/1.0	Plutarch	De sera numinis vindicta, Machine readable text	tlg0007.tlg107.perseus-grc1	section
corpora/greek_literature/canonical-greekLit/tlg0007/tlg108/perseus-grc1/1/tf/1.0	Plutarch	De fato, Machine readable text	tlg0007.tlg108.perseus-grc1	section
corpora/greek_literature/canonical-greekLit/tlg0007/tlg109/perseus-grc1/1/tf/1.0	Plutarch	De genio Socratis, Machine readable text	tlg0007.tlg109.perseus-grc1	section
corpora/greek_literature/canonical-greekLit/tlg0007/tlg110/perseus-grc1/1/tf/1.0	Plutarch	De exilio, Machine readable text	tlg0007.tlg110.perseus-grc1	section
corpora/greek_literature/canonical-greekLit/tlg0007/tlg111/perseus-grc1/1/tf/1.0	Plutarch	Consolatio ad uxorem, Machine readable text	tlg0007.tlg111.perseus-grc1	section
corpora/greek_literature/canonical-greekLit/tlg0007/tlg112/perseus-grc1/1/tf/1.0	Plutarch	Quaestiones Convivales, Machine readable text	tlg0007.tlg112.perseus-grc1	book,chapter,section
corpora/greek_literature/canonical-greekLit/tlg0007/tlg113/perseus-grc1/1/tf/1.0	Plutarch	Amatorius, Machine readable text	tlg0007.tlg113.perseus-grc1	section
corpora/greek_literature/canonical-greekLit/tlg0007/tlg114/perseus-grc1/1/tf/1.0	Plutarch	Amatoriae narrationes, Machine readable text	tlg0007.tlg114.perseus-grc1	chapter
corpora/greek_literature/canonical-greekLit/tlg0007/tlg115/perseus-grc1/1/tf/1.0	Plutarch	Maxime cum principbus philosopho esse diserendum, Machine readable text	tlg0007.tlg115.perseus-grc1	section
corpora/greek_literature/canonical-greekLit/tlg0007/tlg116/perseus-grc1/1/tf/1.0	Plutarch	Ad principem ineruditum, Machine readable text	tlg0007.tlg116.perseus-grc1	section
corpora/greek_literature/canonical-greekLit/tlg0007/tlg117/perseus-grc1/1/tf/1.0	Plutarch	An seni respublica gerenda sit, Machine readable text	tlg0007.tlg117.perseus-grc1	section
corpora/greek_literature/canonical-greekLit/tlg0007/tlg117/perseus-grc2/1/tf/1.0	Plutarch	Εἰ πρεσβυτέρῳ πολιτευτέον	tlg0007.tlg117.perseus-grc2	section
corpora/greek_literature/canonical-greekLit/tlg0007/tlg118/perseus-grc1/1/tf/1.0	Plutarch	Praecepta gerendae reipublicae, Machine readable text	tlg0007.tlg118.perseus-grc1	section
corpora/greek_literature/canonical-greekLit/tlg0007/tlg119/perseus-grc1/1/tf/1.0	Plutarch	De unius in republica dominatione, Machine readable text	tlg0007.tlg119.perseus-grc1	section
corpora/greek_literature/canonical-greekLit/tlg0007/tlg120/perseus-grc1/1/tf/1.0	Plutarch	De vitando aere alieno, Machine readable text	tlg0007.tlg120.perseus-grc1	section
corpora/greek_literature/canonical-greekLit/tlg0007/tlg121/perseus-grc1/1/tf/1.0	Plutarch	Vitae decem oratorum, Machine readable text	tlg0007.tlg121.perseus-grc1	chapter,section
corpora/greek_literature/canonical-greekLit/tlg0007/tlg122/perseus-grc1/1/tf/1.0	Plutarch	Comparationis Aristophanis et Menandri compendium, Machine readable text	tlg0007.tlg122.perseus-grc1	section
corpora/greek_literature/canonical-greekLit/tlg0007/tlg123/perseus-grc1/1/tf/1.0	Plutarch	De Herodoti malignitate, Machine readable text	tlg0007.tlg123.perseus-grc1	section
corpora/greek_literature/canonical-greekLit/tlg0007/tlg125/perseus-grc1/1/tf/1.0	Plutarch	Quaestiones Naturales, Machine readable text	tlg0007.tlg125.perseus-grc1	chapter
corpora/greek_literature/canonical-greekLit/tlg0007/tlg126/perseus-grc1/1/tf/1.0	Plutarch	De faciae quae in orbe lunae apparet, Machine readable text	tlg0007.tlg126.perseus-grc1	section
corpora/greek_literature/canonical-greekLit/tlg0007/tlg127/perseus-grc1/1/tf/1.0	Plutarch	De primo frigido, Machine readable text	tlg0007.tlg127.perseus-grc1	section
corpora/greek_literature/canonical-greekLit/tlg0007/tlg128/perseus-grc1/1/tf/1.0	Plutarch	Aquane an ignis sit utilior, Machine readable text	tlg0007.tlg128.perseus-grc1	section
corpora/greek_literature/canonical-greekLit/tlg0007/tlg129/perseus-grc1/1/tf/1.0	Plutarch	De sollertia animalium, Machine readable text	tlg0007.tlg129.perseus-grc1	section
corpora/greek_literature/canonical-greekLit/tlg0007/tlg130/perseus-grc1/1/tf/1.0	Plutarch	Bruta animalia ratione uti, Machine readable text	tlg0007.tlg130.perseus-grc1	section
corpora/greek_literature/canonical-greekLit/tlg0007/tlg131/perseus-grc1/1/tf/1.0	Plutarch	De esu carnium I, Machine readable text	tlg0007.tlg131.perseus-grc1	section
corpora/greek_literature/canonical-greekLit/tlg0007/tlg132/perseus-grc1/1/tf/1.0	Plutarch	De esu carnium II, Machine readable text	tlg0007.tlg132.perseus-grc1	section
corpora/greek_literature/canonical-greekLit/tlg0007/tlg133/perseus-grc1/1/tf/1.0	Plutarch	Platonicae quaestiones, Machine readable text	tlg0007.tlg133.perseus-grc1	chapter,section
corpora/greek_literature/canonical-greekLit/tlg0007/tlg134/perseus-grc1/1/tf/1.0	Plutarch	De animae procreatione in Timaeo, Machine readable text	tlg0007.tlg134.perseus-grc1	section
corpora/greek_literature/canonical-greekLit/tlg0007/tlg135/perseus-grc1/1/tf/1.0	Plutarch	Compendium libri de animae procreatione in Timaeo, Machine readable text	tlg0007.tlg135.perseus-grc1	section
corpora/greek_literature/canonical-greekLit/tlg0007/tlg136/perseus-grc1/1/tf/1.0	Plutarch	De Stoicorum repugnantiis, Machine readable text	tlg0007.tlg136.perseus-grc1	section
corpora/greek_literature/canonical-greekLit/tlg0007/tlg137/perseus-grc1/1/tf/1.0	Plutarch	Compendium Argumenti Stoicos absurdiora poetis dicere, Machine readable text	tlg0007.tlg137.perseus-grc1	section
corpora/greek_literature/canonical-greekLit/tlg0007/tlg138/perseus-grc1/1/tf/1.0	Plutarch	De communibus notitiis adversus Stoicos, Machine readable text	tlg0007.tlg138.perseus-grc1	section
corpora/greek_literature/canonical-greekLit/tlg0007/tlg139/perseus-grc2/1/tf/1.0	Plutarch	Ὅτι οὐδ' ἡδέως ζῆν ἔστι κατ' Ἐπίκουρον	tlg0007.tlg139.perseus-grc2	section
corpora/greek_literature/canonical-greekLit/tlg0007/tlg140/perseus-grc2/1/tf/1.0	Plutarch	Πρὸς Κωλώτην	tlg0007.tlg140.perseus-grc2	section
corpora/greek_literature/canonical-greekLit/tlg0007/tlg141/perseus-grc2/1/tf/1.0	Plutarch	Εἰ καλῶς εἴρηται τὸ λάθε βιώτας	tlg0007.tlg141.perseus-grc2	section
corpora/greek_literature/canonical-greekLit/tlg0008/tlg001/perseus-grc3/1/tf/1.0	Athenaeus	Deipnosophistae	tlg0008.tlg001.perseus-grc3	book,chapter
corpora/greek_literature/canonical-greekLit/tlg0008/tlg001/perseus-grc4/1/tf/1.0	Athenaeus	The Deipnosophists, Machine readable text	tlg0008.tlg001.perseus-grc4	book,chapter
corpora/greek_literature/canonical-greekLit/tlg0010/tlg001/perseus-grc2/1/tf/1.0	Isocrates	Against Euthynus, Machine readable text	tlg0010.tlg001.perseus-grc2	section
corpora/greek_literature/canonical-greekLit/tlg0010/tlg002/perseus-grc2/1/tf/1.0	Isocrates	Against Callimachus, Machine readable text	tlg0010.tlg002.perseus-grc2	section
corpora/greek_literature/canonical-greekLit/tlg0010/tlg003/perseus-grc2/1/tf/1.0	Isocrates	Against Lochites, Machine readable text	tlg0010.tlg003.perseus-grc2	section
corpora/greek_literature/canonical-greekLit/tlg0010/tlg004/perseus-grc2/1/tf/1.0	Isocrates	Concerning the Team of Horses, Machine readable text	tlg0010.tlg004.perseus-grc2	section
corpora/greek_literature/canonical-greekLit/tlg0010/tlg005/perseus-grc2/1/tf/1.0	Isocrates	Trapeziticus, Machine readable text	tlg0010.tlg005.perseus-grc2	section
corpora/greek_literature/canonical-greekLit/tlg0010/tlg006/perseus-grc2/1/tf/1.0	Isocrates	Aegineticus, Machine readable text	tlg0010.tlg006.perseus-grc2	section
corpora/greek_literature/canonical-greekLit/tlg0010/tlg007/perseus-grc2/1/tf/1.0	Isocrates	To Demonicus, Machine readable text	tlg0010.tlg007.perseus-grc2	section
corpora/greek_literature/canonical-greekLit/tlg0010/tlg008/perseus-grc2/1/tf/1.0	Isocrates	Against the Sophists, Machine readable text	tlg0010.tlg008.perseus-grc2	section
corpora/greek_literature/canonical-greekLit/tlg0010/tlg009/perseus-grc2/1/tf/1.0	Isocrates	Helen, Machine readable text	tlg0010.tlg009.perseus-grc2	section
corpora/greek_literature/canonical-greekLit/tlg0010/tlg010/perseus-grc2/1/tf/1.0	Isocrates	Busiris, Machine readable text	tlg0010.tlg010.perseus-grc2	section
corpora/greek_literature/canonical-greekLit/tlg0010/tlg011/perseus-grc2/1/tf/1.0	Isocrates	Panegyricus, Machine readable text	tlg0010.tlg011.perseus-grc2	section
corpora/greek_literature/canonical-greekLit/tlg0010/tlg012/perseus-grc2/1/tf/1.0	Isocrates	Plataicus, Machine readable text	tlg0010.tlg012.perseus-grc2	section
corpora/greek_literature/canonical-greekLit/tlg0010/tlg013/perseus-grc2/1/tf/1.0	Isocrates	To Nicocles, Machine readable text	tlg0010.tlg013.perseus-grc2	section
corpora/greek_literature/canonical-greekLit/tlg0010/tlg014/perseus-grc2/1/tf/1.0	Isocrates	Nicocles or the Cyprians, Machine readable text	tlg0010.tlg014.perseus-grc2	section
corpora/greek_literature/canonical-greekLit/tlg0010/tlg015/perseus-grc2/1/tf/1.0	Isocrates	Evagoras, Machine readable text	tlg0010.tlg015.perseus-grc2	section
corpora/greek_literature/canonical-greekLit/tlg0010/tlg016/perseus-grc2/1/tf/1.0	Isocrates	Archidamus, Machine readable text	tlg0010.tlg016.perseus-grc2	section
corpora/greek_literature/canonical-greekLit/tlg0010/tlg017/perseus-grc2/1/tf/1.0	Isocrates	On the Peace, Machine readable text	tlg0010.tlg017.perseus-grc2	section
corpora/greek_literature/canonical-greekLit/tlg0010/tlg018/perseus-grc2/1/tf/1.0	Isocrates	Areopagiticus, Machine readable text	tlg0010.tlg018.perseus-grc2	section
corpora/greek_literature/canonical-greekLit/tlg0010/tlg019/perseus-grc2/1/tf/1.0	Isocrates	Antidosis, Machine readable text	tlg0010.tlg019.perseus-grc2	section
corpora/greek_literature/canonical-greekLit/tlg0010/tlg020/perseus-grc2/1/tf/1.0	Isocrates	To Philip, Machine readable text	tlg0010.tlg020.perseus-grc2	section
corpora/greek_literature/canonical-greekLit/tlg0010/tlg021/perseus-grc2/1/tf/1.0	Isocrates	Panathenaicus, Machine readable text	tlg0010.tlg021.perseus-grc2	section
corpora/greek_literature/canonical-greekLit/tlg0010/tlg022/perseus-grc2/1/tf/1.0	Isocrates	To Dionysius, Machine readable text	tlg0010.tlg022.perseus-grc2	Letter,section
corpora/greek_literature/canonical-greekLit/tlg0010/tlg023/perseus-grc2/1/tf/1.0	Isocrates	To the Children of Jason, Machine readable text	tlg0010.tlg023.perseus-grc2	Letter,section
corpora/greek_literature/canonical-greekLit/tlg0010/tlg024/perseus-grc2/1/tf/1.0	Isocrates	To Archidamus, Machine readable text	tlg0010.tlg024.perseus-grc2	Letter,section
corpora/greek_literature/canonical-greekLit/tlg0010/tlg025/perseus-grc2/1/tf/1.0	Isocrates	To the Rulers of the Mytilenaeans, Machine readable text	tlg0010.tlg025.perseus-grc2	Letter,section
corpora/greek_literature/canonical-greekLit/tlg0010/tlg026/perseus-grc3/1/tf/1.0	Isocrates	To Timotheus, Machine readable text	tlg0010.tlg026.perseus-grc3	Letter,section
corpora/greek_literature/canonical-greekLit/tlg0010/tlg027/perseus-grc2/1/tf/1.0	Isocrates	To Philip, I, Machine readable text	tlg0010.tlg027.perseus-grc2	Letter,section
corpora/greek_literature/canonical-greekLit/tlg0010/tlg028/perseus-grc2/1/tf/1.0	Isocrates	To Alexander, Machine readable text	tlg0010.tlg028.perseus-grc2	Letter,section
corpora/greek_literature/canonical-greekLit/tlg0010/tlg029/perseus-grc2/1/tf/1.0	Isocrates	To Antipater, Machine readable text	tlg0010.tlg029.perseus-grc2	Letter,section
corpora/greek_literature/canonical-greekLit/tlg0010/tlg030/perseus-grc2/1/tf/1.0	Isocrates	To Philip, II, Machine readable text	tlg0010.tlg030.perseus-grc2	Letter,section
corpora/greek_literature/canonical-greekLit/tlg0011/tlg001/perseus-grc2/1/tf/1.0	Sophocles	Trachiniae, Machine readable text	tlg0011.tlg001.perseus-grc2	card,strophe,antistrophe
corpora/greek_literature/canonical-greekLit/tlg0011/tlg002/perseus-grc2/1/tf/1.0	Sophocles	Antigone, Machine readable text	tlg0011.tlg002.perseus-grc2	card,strophe,antistrophe
corpora/greek_literature/canonical-greekLit/tlg0011/tlg003/perseus-grc2/1/tf/1.0	Sophocles	Ajax, Machine readable text	tlg0011.tlg003.perseus-grc2	card,strophe,antistrophe
corpora/greek_literature/canonical-greekLit/tlg0011/tlg004/perseus-grc2/1/tf/1.0	Sophocles	Oedipus Tyrannus, Machine readable text	tlg0011.tlg004.perseus-grc2	card,strophe,close
corpora/greek_literature/canonical-greekLit/tlg0011/tlg005/perseus-grc2/1/tf/1.0	Sophocles	Electra, Machine readable text	tlg0011.tlg005.perseus-grc2	card,strophe,antistrophe
corpora/greek_literature/canonical-greekLit/tlg0011/tlg006/perseus-grc2/1/tf/1.0	Sophocles	Philoctetes, Machine readable text	tlg0011.tlg006.perseus-grc2	card,strophe,antistrophe
corpora/greek_literature/canonical-greekLit/tlg0011/tlg007/perseus-grc2/1/tf/1.0	Sophocles	Oedipus at Colonus	tlg0011.tlg007.perseus-grc2	card,strophe,antistrophe
corpora/greek_literature/canonical-greekLit/tlg0011/tlg008/perseus-grc2/1/tf/1.0	Sophocles	Ichneutae	tlg0011.tlg008.perseus-grc2	card,column
corpora/greek_literature/canonical-greekLit/tlg0012/tlg001/perseus-grc2/1/tf/1.0	Homer	Iliad (Greek). Machine readable text	tlg0012.tlg001.perseus-grc2	Book,card
corpora/greek_literature/canonical-greekLit/tlg0012/tlg002/perseus-grc2/1/tf/1.0	Homer	Odyssey (Greek). Machine readable text	tlg0012.tlg002.perseus-grc2	book,card
corpora/greek_literature/canonical-greekLit/tlg0012/tlg003/perseus-grc1/1/tf/1.0	Homer	Ἐπιγράμματα	tlg0012.tlg003.perseus-grc1	epigram
corpora/greek_literature/canonical-greekLit/tlg0013/tlg001/perseus-grc2/1/tf/1.0	Achilles Tatius	Hymn 1 To Dionysus, Machine readable text	tlg0013.tlg001.perseus-grc2	
corpora/greek_literature/canonical-greekLit/tlg0013/tlg002/perseus-grc2/1/tf/1.0	Achilles Tatius	Hymn 2 To Demeter, Machine readable text	tlg0013.tlg002.perseus-grc2	card
corpora/greek_literature/canonical-greekLit/tlg0013/tlg003/perseus-grc2/1/tf/1.0	Achilles Tatius	Hymn 3 To Apollo, Machine readable text	tlg0013.tlg003.perseus-grc2	card
corpora/greek_literature/canonical-greekLit/tlg0013/tlg004/perseus-grc2/1/tf/1.0	Achilles Tatius	Hymn 4 To Hermes, Machine readable text	tlg0013.tlg004.perseus-grc2	card
corpora/greek_literature/canonical-greekLit/tlg0013/tlg005/perseus-grc2/1/tf/1.0	Achilles Tatius	Hymn 5 To Aphrodite, Machine readable text	tlg0013.tlg005.perseus-grc2	card
corpora/greek_literature/canonical-greekLit/tlg0013/tlg006/perseus-grc2/1/tf/1.0	Achilles Tatius	Hymn 6 To Aphrodite, Machine readable text	tlg0013.tlg006.perseus-grc2	card
corpora/greek_literature/canonical-greekLit/tlg0013/tlg007/perseus-grc2/1/tf/1.0	Achilles Tatius	Hymn 7 To Dionysus, Machine readable text	tlg0013.tlg007.perseus-grc2	card
corpora/greek_literature/canonical-greekLit/tlg0013/tlg008/perseus-grc2/1/tf/1.0	Achilles Tatius	Hymn 8 To Ares, Machine readable text	tlg0013.tlg008.perseus-grc2	card
corpora/greek_literature/canonical-greekLit/tlg0013/tlg009/perseus-grc2/1/tf/1.0	Achilles Tatius	Hymn 9 To Artemis, Machine readable text	tlg0013.tlg009.perseus-grc2	card
corpora/greek_literature/canonical-greekLit/tlg0013/tlg010/perseus-grc2/1/tf/1.0	Achilles Tatius	Hymn 10 To Aphrodite, Machine readable text	tlg0013.tlg010.perseus-grc2	card
corpora/greek_literature/canonical-greekLit/tlg0013/tlg011/perseus-grc2/1/tf/1.0	Polybius	Hymn 11 To Athena, Machine readable text	tlg0013.tlg011.perseus-grc2	card
corpora/greek_literature/canonical-greekLit/tlg0013/tlg012/perseus-grc2/1/tf/1.0	Achilles Tatius	Hymn 12 To Hera, Machine readable text	tlg0013.tlg012.perseus-grc2	card
corpora/greek_literature/canonical-greekLit/tlg0013/tlg013/perseus-grc2/1/tf/1.0	Achilles Tatius	Hymn 13 To Demeter, Machine readable text	tlg0013.tlg013.perseus-grc2	card
corpora/greek_literature/canonical-greekLit/tlg0013/tlg014/perseus-grc2/1/tf/1.0	Achilles Tatius	Hymn 14 to the Mother of the Gods, Machine readable text	tlg0013.tlg014.perseus-grc2	card
corpora/greek_literature/canonical-greekLit/tlg0013/tlg015/perseus-grc2/1/tf/1.0	Achilles Tatius	Hymn 15 To Heracles the Lion-Hearted, Machine readable text	tlg0013.tlg015.perseus-grc2	card
corpora/greek_literature/canonical-greekLit/tlg0013/tlg016/perseus-grc2/1/tf/1.0	Achilles Tatius	Hymn 16 To Asclepius, Machine readable text	tlg0013.tlg016.perseus-grc2	card
corpora/greek_literature/canonical-greekLit/tlg0013/tlg017/perseus-grc2/1/tf/1.0	Achilles Tatius	Hymn 17 To the Dioscuri, Machine readable text	tlg0013.tlg017.perseus-grc2	card
corpora/greek_literature/canonical-greekLit/tlg0013/tlg018/perseus-grc2/1/tf/1.0	Achilles Tatius	Hymn 18 To Hermes, Machine readable text	tlg0013.tlg018.perseus-grc2	card
corpora/greek_literature/canonical-greekLit/tlg0013/tlg019/perseus-grc2/1/tf/1.0	Achilles Tatius	Hymn 19 to Pan, Machine readable text	tlg0013.tlg019.perseus-grc2	card
corpora/greek_literature/canonical-greekLit/tlg0013/tlg020/perseus-grc2/1/tf/1.0	Achilles Tatius	Hymn 20 To Hephaestus, Machine readable text	tlg0013.tlg020.perseus-grc2	card
corpora/greek_literature/canonical-greekLit/tlg0013/tlg021/perseus-grc2/1/tf/1.0	Achilles Tatius	Hymn 21 To Apollo, Machine readable text	tlg0013.tlg021.perseus-grc2	card
corpora/greek_literature/canonical-greekLit/tlg0013/tlg022/perseus-grc2/1/tf/1.0	Achilles Tatius	Hymn 22 To Poseidon, Machine readable text	tlg0013.tlg022.perseus-grc2	card
corpora/greek_literature/canonical-greekLit/tlg0013/tlg023/perseus-grc2/1/tf/1.0	Achilles Tatius	Hymn 23 to Zeus, Machine readable text	tlg0013.tlg023.perseus-grc2	card
corpora/greek_literature/canonical-greekLit/tlg0013/tlg024/perseus-grc2/1/tf/1.0	Achilles Tatius	Hymn 24 To Hestia, Machine readable text	tlg0013.tlg024.perseus-grc2	card
corpora/greek_literature/canonical-greekLit/tlg0013/tlg025/perseus-grc2/1/tf/1.0	Achilles Tatius	Hymn 25 To the Muses and Apollo, Machine readable text	tlg0013.tlg025.perseus-grc2	card
corpora/greek_literature/canonical-greekLit/tlg0013/tlg026/perseus-grc2/1/tf/1.0	Achilles Tatius	Hymn 26 To Dionysus, Machine readable text	tlg0013.tlg026.perseus-grc2	card
corpora/greek_literature/canonical-greekLit/tlg0013/tlg027/perseus-grc2/1/tf/1.0	Achilles Tatius	Hymn 27 To Artemis, Machine readable text	tlg0013.tlg027.perseus-grc2	card
corpora/greek_literature/canonical-greekLit/tlg0013/tlg028/perseus-grc2/1/tf/1.0	Achilles Tatius	Hymn 28 To Athena, Machine readable text	tlg0013.tlg028.perseus-grc2	card
corpora/greek_literature/canonical-greekLit/tlg0013/tlg029/perseus-grc2/1/tf/1.0	Achilles Tatius	Hymn 29 To Hestia, Machine readable text	tlg0013.tlg029.perseus-grc2	card
corpora/greek_literature/canonical-greekLit/tlg0013/tlg030/perseus-grc2/1/tf/1.0	Achilles Tatius	Hymn 30 To Earth, Machine readable text	tlg0013.tlg030.perseus-grc2	card
corpora/greek_literature/canonical-greekLit/tlg0013/tlg031/perseus-grc2/1/tf/1.0	Achilles Tatius	Hymn 31 To Helios, Machine readable text	tlg0013.tlg031.perseus-grc2	card
corpora/greek_literature/canonical-greekLit/tlg0013/tlg032/perseus-grc2/1/tf/1.0	Achilles Tatius	Hymn 32 To Selene, Machine readable text	tlg0013.tlg032.perseus-grc2	card
corpora/greek_literature/canonical-greekLit/tlg0013/tlg033/perseus-grc2/1/tf/1.0	Achilles Tatius	Hymn 33 To the Dioscuri, Machine readable text	tlg0013.tlg033.perseus-grc2	card
corpora/greek_literature/canonical-greekLit/tlg0014/tlg001/perseus-grc2/1/tf/1.0	Demosthenes	Ὀλυνθιακὸς α΄	tlg0014.tlg001.perseus-grc2	section
corpora/greek_literature/canonical-greekLit/tlg0014/tlg002/perseus-grc2/1/tf/1.0	Demosthenes	Ὀλυνθιακὸς β΄	tlg0014.tlg002.perseus-grc2	section
corpora/greek_literature/canonical-greekLit/tlg0014/tlg003/perseus-grc2/1/tf/1.0	Demosthenes	Ὀλυνθιακὸς γ΄	tlg0014.tlg003.perseus-grc2	section
corpora/greek_literature/canonical-greekLit/tlg0014/tlg004/perseus-grc2/1/tf/1.0	Demosthenes	κατὰ Φιλίππου α΄	tlg0014.tlg004.perseus-grc2	section
corpora/greek_literature/canonical-greekLit/tlg0014/tlg005/perseus-grc2/1/tf/1.0	Demosthenes	περὶ τῆς εἰρήνης	tlg0014.tlg005.perseus-grc2	section
corpora/greek_literature/canonical-greekLit/tlg0014/tlg006/perseus-grc2/1/tf/1.0	Demosthenes	κατὰ Φιλίππου β΄	tlg0014.tlg006.perseus-grc2	section
corpora/greek_literature/canonical-greekLit/tlg0014/tlg007/perseus-grc2/1/tf/1.0	Demosthenes	περὶ Ἀλοννήσου	tlg0014.tlg007.perseus-grc2	section
corpora/greek_literature/canonical-greekLit/tlg0014/tlg008/perseus-grc2/1/tf/1.0	Demosthenes	περὶ τῶν ἐν Χερρονήσῳ	tlg0014.tlg008.perseus-grc2	section
corpora/greek_literature/canonical-greekLit/tlg0014/tlg009/perseus-grc2/1/tf/1.0	Demosthenes	κατὰ Φιλίππου γ΄	tlg0014.tlg009.perseus-grc2	section
corpora/greek_literature/canonical-greekLit/tlg0014/tlg010/perseus-grc2/1/tf/1.0	Demosthenes	κατὰ Φιλίππου δ΄	tlg0014.tlg010.perseus-grc2	section
corpora/greek_literature/canonical-greekLit/tlg0014/tlg011/perseus-grc2/1/tf/1.0	Demosthenes	πρὸς τὴν ἐπιστολήν τὴν Φιλίππου	tlg0014.tlg011.perseus-grc2	section
corpora/greek_literature/canonical-greekLit/tlg0014/tlg012/perseus-grc2/1/tf/1.0	Demosthenes	ἐπιστολή [Φιλίππου]	tlg0014.tlg012.perseus-grc2	section
corpora/greek_literature/canonical-greekLit/tlg0014/tlg013/perseus-grc2/1/tf/1.0	Demosthenes	περὶ συντάξεως	tlg0014.tlg013.perseus-grc2	section
corpora/greek_literature/canonical-greekLit/tlg0014/tlg014/perseus-grc2/1/tf/1.0	Demosthenes	περὶ τῶν συμμοριῶν	tlg0014.tlg014.perseus-grc2	section
corpora/greek_literature/canonical-greekLit/tlg0014/tlg015/perseus-grc2/1/tf/1.0	Demosthenes	ὑπὲρ τῆς Ῥοδίων ἐλευθερίας	tlg0014.tlg015.perseus-grc2	section
corpora/greek_literature/canonical-greekLit/tlg0014/tlg016/perseus-grc2/1/tf/1.0	Demosthenes	ὑπὲρ Μεγαλοπολιτῶν	tlg0014.tlg016.perseus-grc2	section
corpora/greek_literature/canonical-greekLit/tlg0014/tlg017/perseus-grc2/1/tf/1.0	Demosthenes	περὶ τῶν πρὸς Ἀλέξανδρον συνθηκῶν	tlg0014.tlg017.perseus-grc2	section
corpora/greek_literature/canonical-greekLit/tlg0014/tlg018/perseus-grc2/1/tf/1.0	Demosthenes	ὑπὲρ Κτησιφῶντος περὶ τοῦ στεφάνου	tlg0014.tlg018.perseus-grc2	section
corpora/greek_literature/canonical-greekLit/tlg0014/tlg019/perseus-grc2/1/tf/1.0	Demosthenes	περὶ τῆς παραπρεσβείας	tlg0014.tlg019.perseus-grc2	section
corpora/greek_literature/canonical-greekLit/tlg0014/tlg020/perseus-grc2/1/tf/1.0	Demosthenes	περὶ τῆς Ἀτελείας πρὸς Λεπτίνην	tlg0014.tlg020.perseus-grc2	section
corpora/greek_literature/canonical-greekLit/tlg0014/tlg021/perseus-grc2/1/tf/1.0	Demosthenes	κατὰ Μειδίου περὶ τοῦ Κονδύλου	tlg0014.tlg021.perseus-grc2	section
corpora/greek_literature/canonical-greekLit/tlg0014/tlg022/perseus-grc2/1/tf/1.0	Demosthenes	κατὰ Ἀνδροτίωνος παρανόμων	tlg0014.tlg022.perseus-grc2	section
corpora/greek_literature/canonical-greekLit/tlg0014/tlg023/perseus-grc2/1/tf/1.0	Demosthenes	κατὰ Ἀριστοκράτους	tlg0014.tlg023.perseus-grc2	section
corpora/greek_literature/canonical-greekLit/tlg0014/tlg024/perseus-grc2/1/tf/1.0	Demosthenes	κατὰ Τιμοκράτους	tlg0014.tlg024.perseus-grc2	section
corpora/greek_literature/canonical-greekLit/tlg0014/tlg025/perseus-grc2/1/tf/1.0	Demosthenes	κατὰ Ἀριστογείτονος α΄	tlg0014.tlg025.perseus-grc2	section
corpora/greek_literature/canonical-greekLit/tlg0014/tlg026/perseus-grc2/1/tf/1.0	Demosthenes	κατὰ Ἀριστογείτονος β΄	tlg0014.tlg026.perseus-grc2	section
corpora/greek_literature/canonical-greekLit/tlg0014/tlg027/perseus-grc2/1/tf/1.0	Demosthenes	κατὰ Ἀφόβου ἐπιτροπῆς α΄	tlg0014.tlg027.perseus-grc2	section
corpora/greek_literature/canonical-greekLit/tlg0014/tlg028/perseus-grc2/1/tf/1.0	Demosthenes	κατὰ Ἀφόβου β΄	tlg0014.tlg028.perseus-grc2	section
corpora/greek_literature/canonical-greekLit/tlg0014/tlg029/perseus-grc2/1/tf/1.0	Demosthenes	πρὸς Ἄφοβον ὑπὲρ Φάνου ψευδομαρτυριῶν γ΄	tlg0014.tlg029.perseus-grc2	section
corpora/greek_literature/canonical-greekLit/tlg0014/tlg030/perseus-grc2/1/tf/1.0	Demosthenes	πρὸς Ὀνήτορα ἐξούλης α΄	tlg0014.tlg030.perseus-grc2	section
corpora/greek_literature/canonical-greekLit/tlg0014/tlg031/perseus-grc2/1/tf/1.0	Demosthenes	πρὸς Ὀνήτορα ἐξούλης β΄	tlg0014.tlg031.perseus-grc2	section
corpora/greek_literature/canonical-greekLit/tlg0014/tlg032/perseus-grc2/1/tf/1.0	Demosthenes	πρὸς Ζηνόθεμιν παραγραφή	tlg0014.tlg032.perseus-grc2	section
corpora/greek_literature/canonical-greekLit/tlg0014/tlg033/perseus-grc2/1/tf/1.0	Demosthenes	πρὸς Ἀπατούριον παραγραφή	tlg0014.tlg033.perseus-grc2	section
corpora/greek_literature/canonical-greekLit/tlg0014/tlg034/perseus-grc2/1/tf/1.0	Demosthenes	πρὸς Φορμίωνα ὑπὲρ δανείου	tlg0014.tlg034.perseus-grc2	section
corpora/greek_literature/canonical-greekLit/tlg0014/tlg035/perseus-grc2/1/tf/1.0	Demosthenes	πρὸς τὴν Λάκριτον παραγραφὴν	tlg0014.tlg035.perseus-grc2	section
corpora/greek_literature/canonical-greekLit/tlg0014/tlg036/perseus-grc2/1/tf/1.0	Demosthenes	παραγραφὴ ὑπὲρ Φορμίωνος	tlg0014.tlg036.perseus-grc2	section
corpora/greek_literature/canonical-greekLit/tlg0014/tlg037/perseus-grc2/1/tf/1.0	Demosthenes	παραγραφὴ πρὸς Πανταίνετον	tlg0014.tlg037.perseus-grc2	section
corpora/greek_literature/canonical-greekLit/tlg0014/tlg038/perseus-grc2/1/tf/1.0	Demosthenes	παραγραφὴ πρὸς Ναυσίμακον καὶ Ξενοπείθην	tlg0014.tlg038.perseus-grc2	section
corpora/greek_literature/canonical-greekLit/tlg0014/tlg039/perseus-grc2/1/tf/1.0	Demosthenes	πρὸς Βοιωτὸν περὶ τοῦ Ὀνόματος	tlg0014.tlg039.perseus-grc2	section
corpora/greek_literature/canonical-greekLit/tlg0014/tlg040/perseus-grc2/1/tf/1.0	Demosthenes	πρὸς Βοιωτὸν περὶ προικὸς μητρῴας	tlg0014.tlg040.perseus-grc2	section
corpora/greek_literature/canonical-greekLit/tlg0014/tlg041/perseus-grc2/1/tf/1.0	Demosthenes	πρὸς Σπουδίαν ὑπὲρ προικός	tlg0014.tlg041.perseus-grc2	section
corpora/greek_literature/canonical-greekLit/tlg0014/tlg042/perseus-grc2/1/tf/1.0	Demosthenes	πρὸς Φαίνιππον περὶ ἀντιδόσεως	tlg0014.tlg042.perseus-grc2	section,section
corpora/greek_literature/canonical-greekLit/tlg0014/tlg043/perseus-grc2/1/tf/1.0	Demosthenes	πρὸς Μακάρτατον περὶ Ἁγνίου κλήρου	tlg0014.tlg043.perseus-grc2	section
corpora/greek_literature/canonical-greekLit/tlg0014/tlg044/perseus-grc2/1/tf/1.0	Demosthenes	πρὸς Λεωκάρη περὶ τοῦ Ἀρχιάδου κλήρου	tlg0014.tlg044.perseus-grc2	section
corpora/greek_literature/canonical-greekLit/tlg0014/tlg045/perseus-grc2/1/tf/1.0	Demosthenes	κατὰ Στεφάνου ψευδομαρτυριῶν α΄	tlg0014.tlg045.perseus-grc2	section
corpora/greek_literature/canonical-greekLit/tlg0014/tlg046/perseus-grc2/1/tf/1.0	Demosthenes	κατὰ Στεφάνου ψευδομαρτυριῶν β΄	tlg0014.tlg046.perseus-grc2	section
corpora/greek_literature/canonical-greekLit/tlg0014/tlg047/perseus-grc2/1/tf/1.0	Demosthenes	κατὰ Εὐέργου καὶ Μνησιβούλου ψευδομαρτυριῶν	tlg0014.tlg047.perseus-grc2	section
corpora/greek_literature/canonical-greekLit/tlg0014/tlg048/perseus-grc2/1/tf/1.0	Demosthenes	κατὰ Ὀλυμπιοδώρου βλάβης	tlg0014.tlg048.perseus-grc2	section
corpora/greek_literature/canonical-greekLit/tlg0014/tlg049/perseus-grc2/1/tf/1.0	Demosthenes	πρὸς Τιμόθεον ὑπὲρ χρέως	tlg0014.tlg049.perseus-grc2	section
corpora/greek_literature/canonical-greekLit/tlg0014/tlg050/perseus-grc2/1/tf/1.0	Demosthenes	πρὸς Πολυκλέα περὶ τοῦ ἐπιτριηραρχήματος	tlg0014.tlg050.perseus-grc2	section
corpora/greek_literature/canonical-greekLit/tlg0014/tlg051/perseus-grc2/1/tf/1.0	Demosthenes	περὶ τοῦ Στεφάνου τῆς τριηραρκίας	tlg0014.tlg051.perseus-grc2	section
corpora/greek_literature/canonical-greekLit/tlg0014/tlg052/perseus-grc2/1/tf/1.0	Demosthenes	πρὸς Κάλλιππον	tlg0014.tlg052.perseus-grc2	section
corpora/greek_literature/canonical-greekLit/tlg0014/tlg053/perseus-grc2/1/tf/1.0	Demosthenes	πρὸς Νικόστρατον περὶ ἀνδραπόδων ἀπογραφῆς Ἀρεθουσίου	tlg0014.tlg053.perseus-grc2	section
corpora/greek_literature/canonical-greekLit/tlg0014/tlg054/perseus-grc2/1/tf/1.0	Demosthenes	κατὰ Κόνωνος αἰκείας	tlg0014.tlg054.perseus-grc2	section
corpora/greek_literature/canonical-greekLit/tlg0014/tlg055/perseus-grc2/1/tf/1.0	Demosthenes	πρὸς Καλλικλέα περὶ χωρίου βλάβης	tlg0014.tlg055.perseus-grc2	section,section
corpora/greek_literature/canonical-greekLit/tlg0014/tlg056/perseus-grc2/1/tf/1.0	Demosthenes	κατὰ Διονυσοδώρου βλάβης	tlg0014.tlg056.perseus-grc2	section
corpora/greek_literature/canonical-greekLit/tlg0014/tlg057/perseus-grc2/1/tf/1.0	Demosthenes	ἔφεσις πρὸς Εὐβουλίδην	tlg0014.tlg057.perseus-grc2	section
corpora/greek_literature/canonical-greekLit/tlg0014/tlg058/perseus-grc2/1/tf/1.0	Demosthenes	ἔνδειξις κατὰ Θεοκρίνου	tlg0014.tlg058.perseus-grc2	section
corpora/greek_literature/canonical-greekLit/tlg0014/tlg059/perseus-grc2/1/tf/1.0	Demosthenes	κατὰ Νεαίρας	tlg0014.tlg059.perseus-grc2	section
corpora/greek_literature/canonical-greekLit/tlg0014/tlg060/perseus-grc2/1/tf/1.0	Demosthenes	ἐπιτάφιος	tlg0014.tlg060.perseus-grc2	section
corpora/greek_literature/canonical-greekLit/tlg0014/tlg061/perseus-grc2/1/tf/1.0	Demosthenes	ἐρωτικὸς	tlg0014.tlg061.perseus-grc2	section
corpora/greek_literature/canonical-greekLit/tlg0014/tlg062/perseus-grc2/1/tf/1.0	Demosthenes	προοίμια δημηγορικά	tlg0014.tlg062.perseus-grc2	exordium,section
corpora/greek_literature/canonical-greekLit/tlg0014/tlg063/perseus-grc2/1/tf/1.0	Demosthenes	Δημοσθένους ἐπιστολαὶ	tlg0014.tlg063.perseus-grc2	letter,section
corpora/greek_literature/canonical-greekLit/tlg0016/tlg001/perseus-grc2/1/tf/1.0	Herodotus	The Histories, Machine readable text	tlg0016.tlg001.perseus-grc2	book,chapter,section
corpora/greek_literature/canonical-greekLit/tlg0017/tlg001/perseus-grc1/1/tf/1.0	Isaeus	On The Estate of Cleonymus	tlg0017.tlg001.perseus-grc1	section
corpora/greek_literature/canonical-greekLit/tlg0017/tlg002/perseus-grc1/1/tf/1.0	Isaeus	On the Estate of Menecles	tlg0017.tlg002.perseus-grc1	section
corpora/greek_literature/canonical-greekLit/tlg0017/tlg003/perseus-grc1/1/tf/1.0	Isaeus	On The Estate Of Pyrrhus	tlg0017.tlg003.perseus-grc1	section
corpora/greek_literature/canonical-greekLit/tlg0017/tlg004/perseus-grc1/1/tf/1.0	Isaeus	On the Estate of Nicostratus	tlg0017.tlg004.perseus-grc1	section
corpora/greek_literature/canonical-greekLit/tlg0017/tlg005/perseus-grc1/1/tf/1.0	Isaeus	On the Estate of Dicaeogenes	tlg0017.tlg005.perseus-grc1	section
corpora/greek_literature/canonical-greekLit/tlg0017/tlg006/perseus-grc1/1/tf/1.0	Isaeus	On the Estate of Philoctemon	tlg0017.tlg006.perseus-grc1	section
corpora/greek_literature/canonical-greekLit/tlg0017/tlg007/perseus-grc1/1/tf/1.0	Isaeus	On The Estate of Apollodorus	tlg0017.tlg007.perseus-grc1	section
corpora/greek_literature/canonical-greekLit/tlg0017/tlg008/perseus-grc1/1/tf/1.0	Isaeus	On The Estate of	tlg0017.tlg008.perseus-grc1	section
corpora/greek_literature/canonical-greekLit/tlg0017/tlg009/perseus-grc1/1/tf/1.0	Isaeus	On the Estate of Astyphilus	tlg0017.tlg009.perseus-grc1	section
corpora/greek_literature/canonical-greekLit/tlg0017/tlg010/perseus-grc1/1/tf/1.0	Isaeus	On The Estate Of Aristarchus	tlg0017.tlg010.perseus-grc1	section
corpora/greek_literature/canonical-greekLit/tlg0017/tlg011/perseus-grc1/1/tf/1.0	Isaeus	On the Estate of Hagnias	tlg0017.tlg011.perseus-grc1	section
corpora/greek_literature/canonical-greekLit/tlg0017/tlg012/perseus-grc1/1/tf/1.0	Isaeus	On Behalf of Euphiletus	tlg0017.tlg012.perseus-grc1	section
corpora/greek_literature/canonical-greekLit/tlg0019/tlg001/perseus-grc1/1/tf/1.0	Aristophanes	Acharnians, Machine readable text	tlg0019.tlg001.perseus-grc1	card,strophe,antistrophe
corpora/greek_literature/canonical-greekLit/tlg0019/tlg002/perseus-grc1/1/tf/1.0	Aristophanes	Knights, Machine readable text	tlg0019.tlg002.perseus-grc1	card,strophe,antistrophe
corpora/greek_literature/canonical-greekLit/tlg0019/tlg003/perseus-grc1/1/tf/1.0	Aristophanes	Clouds, Machine readable text	tlg0019.tlg003.perseus-grc1	card,strophe,antistrophe
corpora/greek_literature/canonical-greekLit/tlg0019/tlg003/perseus-grc2/1/tf/1.0	Aristophanes	Clouds, Machine readable text	tlg0019.tlg003.perseus-grc2	card,strophe,antistrophe
corpora/greek_literature/canonical-greekLit/tlg0019/tlg004/perseus-grc1/1/tf/1.0	Aristophanes	Wasps, Machine readable text	tlg0019.tlg004.perseus-grc1	card,card,antistrophe
corpora/greek_literature/canonical-greekLit/tlg0019/tlg005/perseus-grc1/1/tf/1.0	Aristophanes	Peace, Machine readable text	tlg0019.tlg005.perseus-grc1	card,card,antistrophe
corpora/greek_literature/canonical-greekLit/tlg0019/tlg006/perseus-grc2/1/tf/1.0	Aristophanes	Birds, Machine readable text	tlg0019.tlg006.perseus-grc2	card,strophe,antistrophe
corpora/greek_literature/canonical-greekLit/tlg0019/tlg007/perseus-grc1/1/tf/1.0	Aristophanes	Lysistrata, Machine readable text	tlg0019.tlg007.perseus-grc1	card,card,antistrophe
corpora/greek_literature/canonical-greekLit/tlg0019/tlg007/perseus-grc2/1/tf/1.0	Aristophanes	Lysistrata, Machine readable text	tlg0019.tlg007.perseus-grc2	card,card,antistrophe
corpora/greek_literature/canonical-greekLit/tlg0019/tlg008/perseus-grc1/1/tf/1.0	Aristophanes	Thesmophoriazusae, Machine readable text	tlg0019.tlg008.perseus-grc1	card,card,antistrophe
corpora/greek_literature/canonical-greekLit/tlg0019/tlg009/perseus-grc2/1/tf/1.0	Aristophanes	Frogs, Machine readable text	tlg0019.tlg009.perseus-grc2	card,card
corpora/greek_literature/canonical-greekLit/tlg0019/tlg010/perseus-grc1/1/tf/1.0	Aristophanes	Ecclesiazusae, Machine readable text	tlg0019.tlg010.perseus-grc1	card,strophe,antistrophe
corpora/greek_literature/canonical-greekLit/tlg0019/tlg010/perseus-grc2/1/tf/1.0	Aristophanes	Ecclesiazusae, Machine readable text	tlg0019.tlg010.perseus-grc2	card,strophe,antistrophe
corpora/greek_literature/canonical-greekLit/tlg0019/tlg011/perseus-grc1/1/tf/1.0	Aristophanes	Plutus, Machine readable text	tlg0019.tlg011.perseus-grc1	card,card,antistrophe
corpora/greek_literature/canonical-greekLit/tlg0020/tlg001/perseus-grc2/1/tf/1.0	Hesiod	Theogony (Greek). Machine readable text	tlg0020.tlg001.perseus-grc2	card
corpora/greek_literature/canonical-greekLit/tlg0020/tlg002/perseus-grc2/1/tf/1.0	Hesiod	Works and Days (Greek). Machine readable text	tlg0020.tlg002.perseus-grc2	card
corpora/greek_literature/canonical-greekLit/tlg0020/tlg003/perseus-grc2/1/tf/1.0	Hesiod	Shield of Heracles (Greek). Machine readable text	tlg0020.tlg003.perseus-grc2	
corpora/greek_literature/canonical-greekLit/tlg0023/tlg001/perseus-grc2/1/tf/1.0	Oppian	Halieutica	tlg0023.tlg001.perseus-grc2	book
corpora/greek_literature/canonical-greekLit/tlg0024/tlg001/perseus-grc1/1/tf/1.0	Oppian of Apamea	Cynegetica	tlg0024.tlg001.perseus-grc1	book
corpora/greek_literature/canonical-greekLit/tlg0026/tlg001/perseus-grc1/1/tf/1.0	Aeschines	Against Timarchus	tlg0026.tlg001.perseus-grc1	section
corpora/greek_literature/canonical-greekLit/tlg0026/tlg002/perseus-grc1/1/tf/1.0	Aeschines	The Speech on the Embassy	tlg0026.tlg002.perseus-grc1	section
corpora/greek_literature/canonical-greekLit/tlg0026/tlg003/perseus-grc1/1/tf/1.0	Aeschines	Against	tlg0026.tlg003.perseus-grc1	section
corpora/greek_literature/canonical-greekLit/tlg0027/tlg001/perseus-grc1/1/tf/1.0	Andocides	On the Mysteries	tlg0027.tlg001.perseus-grc1	part,section
corpora/greek_literature/canonical-greekLit/tlg0027/tlg002/perseus-grc1/1/tf/1.0	Andocides	On His Return	tlg0027.tlg002.perseus-grc1	part,section
corpora/greek_literature/canonical-greekLit/tlg0027/tlg003/perseus-grc1/1/tf/1.0	Andocides	On the Peace with	tlg0027.tlg003.perseus-grc1	section
corpora/greek_literature/canonical-greekLit/tlg0027/tlg004/perseus-grc1/1/tf/1.0	Andocides	Against Alcibiades	tlg0027.tlg004.perseus-grc1	
corpora/greek_literature/canonical-greekLit/tlg0028/tlg001/perseus-grc1/1/tf/1.0	Antiphon	Prosecution Of The Stepmother For Poisoning, Machine readable text	tlg0028.tlg001.perseus-grc1	section
corpora/greek_literature/canonical-greekLit/tlg0028/tlg002/perseus-grc1/1/tf/1.0	Antiphon	Anonymous Prosecution for Murder, Machine readable text	tlg0028.tlg002.perseus-grc1	tetralogy,section
corpora/greek_literature/canonical-greekLit/tlg0028/tlg003/perseus-grc1/1/tf/1.0	Antiphon	The Second Tetralogy: Prosecution for Accidental Homicide, Machine readable text	tlg0028.tlg003.perseus-grc1	tetralogy,section
corpora/greek_literature/canonical-greekLit/tlg0028/tlg004/perseus-grc1/1/tf/1.0	Antiphon	The Third Tetralogy: Prosecution for Murder Of One Who Pleads Self-Defense, Machine readable text	tlg0028.tlg004.perseus-grc1	tetralogy,section
corpora/greek_literature/canonical-greekLit/tlg0028/tlg005/perseus-grc1/1/tf/1.0	Antiphon	Περὶ τοῦ Ἡρῷδου φόνου, Machine readable text	tlg0028.tlg005.perseus-grc1	section
corpora/greek_literature/canonical-greekLit/tlg0028/tlg006/perseus-grc1/1/tf/1.0	Antiphon	On the Choreutes, Machine readable text	tlg0028.tlg006.perseus-grc1	section
corpora/greek_literature/canonical-greekLit/tlg0029/tlg004/perseus-grc1/1/tf/1.0	Dinarchus	Against Demosthenes	tlg0029.tlg004.perseus-grc1	section
corpora/greek_literature/canonical-greekLit/tlg0029/tlg005/perseus-grc1/1/tf/1.0	Dinarchus	Against Aristogiton	tlg0029.tlg005.perseus-grc1	section
corpora/greek_literature/canonical-greekLit/tlg0029/tlg006/perseus-grc1/1/tf/1.0	Dinarchus	Against Philocles	tlg0029.tlg006.perseus-grc1	section
corpora/greek_literature/canonical-greekLit/tlg0030/tlg001/perseus-grc1/1/tf/1.0	Hyperides	In Defence of Lycophron	tlg0030.tlg001.perseus-grc1	fragment,section
corpora/greek_literature/canonical-greekLit/tlg0030/tlg002/perseus-grc1/1/tf/1.0	Hyperides	Against Philippides	tlg0030.tlg002.perseus-grc1	fragment,section
corpora/greek_literature/canonical-greekLit/tlg0030/tlg003/perseus-grc1/1/tf/1.0	Hyperides	Against Athenogenes	tlg0030.tlg003.perseus-grc1	section,fragment
corpora/greek_literature/canonical-greekLit/tlg0030/tlg004/perseus-grc1/1/tf/1.0	Hyperides	In Defence of Euxenippus	tlg0030.tlg004.perseus-grc1	section
corpora/greek_literature/canonical-greekLit/tlg0030/tlg005/perseus-grc1/1/tf/1.0	Hyperides	Against Demosthenes	tlg0030.tlg005.perseus-grc1	fragment
corpora/greek_literature/canonical-greekLit/tlg0030/tlg006/perseus-grc1/1/tf/1.0	Hyperides	Funeral Speech	tlg0030.tlg006.perseus-grc1	section
corpora/greek_literature/canonical-greekLit/tlg0031/tlg001/perseus-grc2/1/tf/1.0	Colluthus	New Testament - Matthew, Machine readable text	tlg0031.tlg001.perseus-grc2	chapter,verse
corpora/greek_literature/canonical-greekLit/tlg0031/tlg002/perseus-grc2/1/tf/1.0	Colluthus	New Testament - Mark, Machine readable text	tlg0031.tlg002.perseus-grc2	chapter,verse
corpora/greek_literature/canonical-greekLit/tlg0031/tlg003/perseus-grc2/1/tf/1.0	Aeneas Tacticus	New Testament - Luke, Machine readable text	tlg0031.tlg003.perseus-grc2	chapter,verse
corpora/greek_literature/canonical-greekLit/tlg0031/tlg004/perseus-grc2/1/tf/1.0	Colluthus	New Testament - John, Machine readable text	tlg0031.tlg004.perseus-grc2	chapter,verse
corpora/greek_literature/canonical-greekLit/tlg0031/tlg005/perseus-grc2/1/tf/1.0	Aeneas Tacticus	New Testament - Acts, Machine readable text	tlg0031.tlg005.perseus-grc2	chapter,verse
corpora/greek_literature/canonical-greekLit/tlg0031/tlg006/perseus-grc2/1/tf/1.0	Aeneas Tacticus	New Testament - Romans, Machine readable text	tlg0031.tlg006.perseus-grc2	chapter,verse
corpora/greek_literature/canonical-greekLit/tlg0031/tlg007/perseus-grc2/1/tf/1.0	Aeneas Tacticus	New Testament - 1 Corinthians, Machine readable text	tlg0031.tlg007.perseus-grc2	chapter,verse
corpora/greek_literature/canonical-greekLit/tlg0031/tlg008/perseus-grc2/1/tf/1.0	Colluthus	New Testament - 2 Corinthians, Machine readable text	tlg0031.tlg008.perseus-grc2	chapter,verse
corpora/greek_literature/canonical-greekLit/tlg0031/tlg009/perseus-grc2/1/tf/1.0	Colluthus	New Testament - Galatians, Machine readable text	tlg0031.tlg009.perseus-grc2	chapter,verse
corpora/greek_literature/canonical-greekLit/tlg0031/tlg010/perseus-grc2/1/tf/1.0	Colluthus	New Testament - Ephesians, Machine readable text	tlg0031.tlg010.perseus-grc2	chapter,verse
corpora/greek_literature/canonical-greekLit/tlg0031/tlg011/perseus-grc2/1/tf/1.0	Colluthus	New Testament - Philippians, Machine readable text	tlg0031.tlg011.perseus-grc2	chapter,verse
corpora/greek_literature/canonical-greekLit/tlg0031/tlg012/perseus-grc2/1/tf/1.0	Colluthus	New Testament - Colossians, Machine readable text	tlg0031.tlg012.perseus-grc2	chapter,verse
corpora/greek_literature/canonical-greekLit/tlg0031/tlg013/perseus-grc2/1/tf/1.0	Colluthus	New Testament - 1 Thessalonians, Machine readable text	tlg0031.tlg013.perseus-grc2	chapter,verse
corpora/greek_literature/canonical-greekLit/tlg0031/tlg014/perseus-grc2/1/tf/1.0	Colluthus	New Testament - 2 Thessalonians, Machine readable text	tlg0031.tlg014.perseus-grc2	chapter,verse
corpora/greek_literature/canonical-greekLit/tlg0031/tlg015/perseus-grc2/1/tf/1.0	Colluthus	New Testament - 1 Timothy, Machine readable text	tlg0031.tlg015.perseus-grc2	chapter,verse
corpora/greek_literature/canonical-greekLit/tlg0031/tlg016/perseus-grc2/1/tf/1.0	Aeneas Tacticus	New Testament - 2 Timothy, Machine readable text	tlg0031.tlg016.perseus-grc2	chapter,verse
corpora/greek_literature/canonical-greekLit/tlg0031/tlg017/perseus-grc2/1/tf/1.0	Aeneas Tacticus	New Testament - Titus, Machine readable text	tlg0031.tlg017.perseus-grc2	chapter,verse
corpora/greek_literature/canonical-greekLit/tlg0031/tlg018/perseus-grc2/1/tf/1.0	Aeneas Tacticus	New Testament - Philemon, Machine readable text	tlg0031.tlg018.perseus-grc2	chapter,verse
corpora/greek_literature/canonical-greekLit/tlg0031/tlg019/perseus-grc2/1/tf/1.0	Colluthus	New Testament - Hebrews, Machine readable text	tlg0031.tlg019.perseus-grc2	chapter,verse
corpora/greek_literature/canonical-greekLit/tlg0031/tlg020/perseus-grc2/1/tf/1.0	Colluthus	New Testament - James, Machine readable text	tlg0031.tlg020.perseus-grc2	chapter,verse
corpora/greek_literature/canonical-greekLit/tlg0031/tlg021/perseus-grc2/1/tf/1.0	Aeneas Tacticus	New Testament - 1 Peter, Machine readable text	tlg0031.tlg021.perseus-grc2	chapter,verse
corpora/greek_literature/canonical-greekLit/tlg0031/tlg022/perseus-grc2/1/tf/1.0	Aeneas Tacticus	New Testament - 2 Peter, Machine readable text	tlg0031.tlg022.perseus-grc2	chapter,verse
corpora/greek_literature/canonical-greekLit/tlg0031/tlg023/perseus-grc2/1/tf/1.0	Aeneas Tacticus	New Testament - 1 John, Machine readable text	tlg0031.tlg023.perseus-grc2	chapter,verse
corpora/greek_literature/canonical-greekLit/tlg0031/tlg024/perseus-grc2/1/tf/1.0	Colluthus	New Testament - 2 John, Machine readable text	tlg0031.tlg024.perseus-grc2	chapter,verse
corpora/greek_literature/canonical-greekLit/tlg0031/tlg025/perseus-grc2/1/tf/1.0	Colluthus	New Testament - 3 John, Machine readable text	tlg0031.tlg025.perseus-grc2	chapter,verse
corpora/greek_literature/canonical-greekLit/tlg0031/tlg026/perseus-grc2/1/tf/1.0	Colluthus	New Testament - Jude, Machine readable text	tlg0031.tlg026.perseus-grc2	chapter,verse
corpora/greek_literature/canonical-greekLit/tlg0031/tlg027/perseus-grc2/1/tf/1.0	Colluthus	New Testament - Revelation, Machine readable text	tlg0031.tlg027.perseus-grc2	chapter,verse
corpora/greek_literature/canonical-greekLit/tlg0032/tlg001/perseus-grc2/1/tf/1.0	Xenophon	Hellenica	tlg0032.tlg001.perseus-grc2	book,chapter,section
corpora/greek_literature/canonical-greekLit/tlg0032/tlg002/perseus-grc2/1/tf/1.0	Xenophon	Memorabilia	tlg0032.tlg002.perseus-grc2	book,chapter,section
corpora/greek_literature/canonical-greekLit/tlg0032/tlg003/perseus-grc2/1/tf/1.0	Xenophon	Economics	tlg0032.tlg003.perseus-grc2	chapter,section
corpora/greek_literature/canonical-greekLit/tlg0032/tlg004/perseus-grc2/1/tf/1.0	Xenophon	Symposium	tlg0032.tlg004.perseus-grc2	chapter,section
corpora/greek_literature/canonical-greekLit/tlg0032/tlg005/perseus-grc2/1/tf/1.0	Xenophon	Apology	tlg0032.tlg005.perseus-grc2	section
corpora/greek_literature/canonical-greekLit/tlg0032/tlg006/perseus-grc2/1/tf/1.0	Xenophon	Anabasis	tlg0032.tlg006.perseus-grc2	book,chapter,section
corpora/greek_literature/canonical-greekLit/tlg0032/tlg007/perseus-grc2/1/tf/1.0	Xenophon	Cyropaedia	tlg0032.tlg007.perseus-grc2	book,chapter,section
corpora/greek_literature/canonical-greekLit/tlg0032/tlg008/perseus-grc2/1/tf/1.0	Xenophon	Hiero	tlg0032.tlg008.perseus-grc2	chapter,section
corpora/greek_literature/canonical-greekLit/tlg0032/tlg009/perseus-grc2/1/tf/1.0	Xenophon	Agesilaus	tlg0032.tlg009.perseus-grc2	chapter,section
corpora/greek_literature/canonical-greekLit/tlg0032/tlg010/perseus-grc2/1/tf/1.0	Xenophon	Constitution of the Lacedaemonians	tlg0032.tlg010.perseus-grc2	chapter,section
corpora/greek_literature/canonical-greekLit/tlg0032/tlg011/perseus-grc2/1/tf/1.0	Xenophon	Ways and Means	tlg0032.tlg011.perseus-grc2	chapter,section
corpora/greek_literature/canonical-greekLit/tlg0032/tlg012/perseus-grc2/1/tf/1.0	Xenophon	On the Cavalry Commander	tlg0032.tlg012.perseus-grc2	chapter,section
corpora/greek_literature/canonical-greekLit/tlg0032/tlg013/perseus-grc2/1/tf/1.0	Xenophon	On the Art of Horsemanship	tlg0032.tlg013.perseus-grc2	chapter,section
corpora/greek_literature/canonical-greekLit/tlg0032/tlg014/perseus-grc2/1/tf/1.0	Xenophon	On Hunting	tlg0032.tlg014.perseus-grc2	chapter,section
corpora/greek_literature/canonical-greekLit/tlg0033/tlg001/perseus-grc2/1/tf/1.0	Pindar	Odes (Greek). Machine readable text - O	tlg0033.tlg001.perseus-grc2	poem,strophe
corpora/greek_literature/canonical-greekLit/tlg0033/tlg002/perseus-grc2/1/tf/1.0	Pindar	Odes (Greek). Machine readable text - P	tlg0033.tlg002.perseus-grc2	poem,strophe
corpora/greek_literature/canonical-greekLit/tlg0033/tlg003/perseus-grc2/1/tf/1.0	Pindar	Odes (Greek). Machine readable text - N	tlg0033.tlg003.perseus-grc2	poem,strophe
corpora/greek_literature/canonical-greekLit/tlg0033/tlg004/perseus-grc2/1/tf/1.0	Pindar	Odes (Greek). Machine readable text - I	tlg0033.tlg004.perseus-grc2	poem,strophe
corpora/greek_literature/canonical-greekLit/tlg0034/tlg001/perseus-grc1/1/tf/1.0	Lycurgus	Against Leocrates	tlg0034.tlg001.perseus-grc1	section
corpora/greek_literature/canonical-greekLit/tlg0035/tlg001/perseus-grc2/1/tf/1.0	Moschus	Eros Drapeta	tlg0035.tlg001.perseus-grc2	
corpora/greek_literature/canonical-greekLit/tlg0035/tlg002/perseus-grc2/1/tf/1.0	Moschus	Europa	tlg0035.tlg002.perseus-grc2	
corpora/greek_literature/canonical-greekLit/tlg0035/tlg003/perseus-grc1/1/tf/1.0	Moschus	Epitaphius Bios	tlg0035.tlg003.perseus-grc1	poem
corpora/greek_literature/canonical-greekLit/tlg0035/tlg004/perseus-grc1/1/tf/1.0	Moschus	Megara	tlg0035.tlg004.perseus-grc1	poem
corpora/greek_literature/canonical-greekLit/tlg0035/tlg005/perseus-grc1/1/tf/1.0	Moschus	Fragmenta	tlg0035.tlg005.perseus-grc1	poem
corpora/greek_literature/canonical-greekLit/tlg0036/tlg001/perseus-grc1/1/tf/1.0	Bion of Phlossa	Epitaphius Adonis	tlg0036.tlg001.perseus-grc1	poem
corpora/greek_literature/canonical-greekLit/tlg0036/tlg002/perseus-grc1/1/tf/1.0	Bion of Phlossa	Epithalamium Achillis et Deidameiae	tlg0036.tlg002.perseus-grc1	poem
corpora/greek_literature/canonical-greekLit/tlg0036/tlg003/perseus-grc1/1/tf/1.0	Bion of Phlossa	Fragmenta	tlg0036.tlg003.perseus-grc1	poem
corpora/greek_literature/canonical-greekLit/tlg0057/tlg010/perseus-grc1/1/tf/1.0	Galen	On the Natural Faculties	tlg0057.tlg010.perseus-grc1	book,section
corpora/greek_literature/canonical-greekLit/tlg0058/tlg001/perseus-grc2/1/tf/1.0	Aeneas Tacticus	Περὶ τοῦ πῶς χρὴ πολιορκουμένους ἀντέχειν	tlg0058.tlg001.perseus-grc2	chapter,section
corpora/greek_literature/canonical-greekLit/tlg0059/tlg001/perseus-grc1/1/tf/1.0	Plato	Euthyphro	tlg0059.tlg001.perseus-grc1	section
corpora/greek_literature/canonical-greekLit/tlg0059/tlg002/perseus-grc2/1/tf/1.0	Plato	Apology	tlg0059.tlg002.perseus-grc2	section,section
corpora/greek_literature/canonical-greekLit/tlg0059/tlg003/perseus-grc2/1/tf/1.0	Plato	Crito	tlg0059.tlg003.perseus-grc2	section,section
corpora/greek_literature/canonical-greekLit/tlg0059/tlg004/perseus-grc2/1/tf/1.0	Plato	Phaedo	tlg0059.tlg004.perseus-grc2	section
corpora/greek_literature/canonical-greekLit/tlg0059/tlg005/perseus-grc2/1/tf/1.0	Plato	Cratylus	tlg0059.tlg005.perseus-grc2	section
corpora/greek_literature/canonical-greekLit/tlg0059/tlg006/perseus-grc2/1/tf/1.0	Plato	Theaetetus	tlg0059.tlg006.perseus-grc2	section,section
corpora/greek_literature/canonical-greekLit/tlg0059/tlg007/perseus-grc2/1/tf/1.0	Plato	Sophist	tlg0059.tlg007.perseus-grc2	section,section
corpora/greek_literature/canonical-greekLit/tlg0059/tlg008/perseus-grc2/1/tf/1.0	Plato	Statesman	tlg0059.tlg008.perseus-grc2	section
corpora/greek_literature/canonical-greekLit/tlg0059/tlg009/perseus-grc2/1/tf/1.0	Plato	Parmenides	tlg0059.tlg009.perseus-grc2	section,section
corpora/greek_literature/canonical-greekLit/tlg0059/tlg010/perseus-grc2/1/tf/1.0	Plato	Philebus	tlg0059.tlg010.perseus-grc2	section
corpora/greek_literature/canonical-greekLit/tlg0059/tlg011/perseus-grc2/1/tf/1.0	Plato	Symposium	tlg0059.tlg011.perseus-grc2	section,section
corpora/greek_literature/canonical-greekLit/tlg0059/tlg012/perseus-grc2/1/tf/1.0	Plato	Phaedrus	tlg0059.tlg012.perseus-grc2	section,section
corpora/greek_literature/canonical-greekLit/tlg0059/tlg013/perseus-grc2/1/tf/1.0	Plato	Alcibiades 1	tlg0059.tlg013.perseus-grc2	section,section
corpora/greek_literature/canonical-greekLit/tlg0059/tlg014/perseus-grc2/1/tf/1.0	Plato	Alcibiades 2	tlg0059.tlg014.perseus-grc2	section,section
corpora/greek_literature/canonical-greekLit/tlg0059/tlg015/perseus-grc2/1/tf/1.0	Plato	Hipparchus	tlg0059.tlg015.perseus-grc2	section,section
corpora/greek_literature/canonical-greekLit/tlg0059/tlg016/perseus-grc2/1/tf/1.0	Plato	Lovers	tlg0059.tlg016.perseus-grc2	section,section
corpora/greek_literature/canonical-greekLit/tlg0059/tlg017/perseus-grc2/1/tf/1.0	Plato	Theages	tlg0059.tlg017.perseus-grc2	section,section
corpora/greek_literature/canonical-greekLit/tlg0059/tlg018/perseus-grc2/1/tf/1.0	Plato	Charmides	tlg0059.tlg018.perseus-grc2	section,section
corpora/greek_literature/canonical-greekLit/tlg0059/tlg019/perseus-grc2/1/tf/1.0	Plato	Laches	tlg0059.tlg019.perseus-grc2	section,section
corpora/greek_literature/canonical-greekLit/tlg0059/tlg020/perseus-grc2/1/tf/1.0	Plato	Lysis	tlg0059.tlg020.perseus-grc2	section,section
corpora/greek_literature/canonical-greekLit/tlg0059/tlg021/perseus-grc2/1/tf/1.0	Plato	Euthydemus	tlg0059.tlg021.perseus-grc2	section,section
corpora/greek_literature/canonical-greekLit/tlg0059/tlg022/perseus-grc2/1/tf/1.0	Plato	Protagoras	tlg0059.tlg022.perseus-grc2	section,section
corpora/greek_literature/canonical-greekLit/tlg0059/tlg023/perseus-grc2/1/tf/1.0	Plato	Gorgias	tlg0059.tlg023.perseus-grc2	section,section
corpora/greek_literature/canonical-greekLit/tlg0059/tlg024/perseus-grc2/1/tf/1.0	Plato	Meno	tlg0059.tlg024.perseus-grc2	section,section
corpora/greek_literature/canonical-greekLit/tlg0059/tlg025/perseus-grc2/1/tf/1.0	Plato	Hippias Major	tlg0059.tlg025.perseus-grc2	section,section
corpora/greek_literature/canonical-greekLit/tlg0059/tlg026/perseus-grc2/1/tf/1.0	Plato	Hippias Minor	tlg0059.tlg026.perseus-grc2	section,section
corpora/greek_literature/canonical-greekLit/tlg0059/tlg027/perseus-grc2/1/tf/1.0	Plato	Ion	tlg0059.tlg027.perseus-grc2	section,section
corpora/greek_literature/canonical-greekLit/tlg0059/tlg028/perseus-grc2/1/tf/1.0	Plato	Menexenus	tlg0059.tlg028.perseus-grc2	section,section
corpora/greek_literature/canonical-greekLit/tlg0059/tlg029/perseus-grc2/1/tf/1.0	Plato	Cleitophon	tlg0059.tlg029.perseus-grc2	section,section
corpora/greek_literature/canonical-greekLit/tlg0059/tlg030/perseus-grc2/1/tf/1.0	Plato	Republic	tlg0059.tlg030.perseus-grc2	book,section
corpora/greek_literature/canonical-greekLit/tlg0059/tlg031/perseus-grc2/1/tf/1.0	Plato	Timaeus	tlg0059.tlg031.perseus-grc2	section,section
corpora/greek_literature/canonical-greekLit/tlg0059/tlg032/perseus-grc2/1/tf/1.0	Plato	Critias	tlg0059.tlg032.perseus-grc2	section,section
corpora/greek_literature/canonical-greekLit/tlg0059/tlg033/perseus-grc2/1/tf/1.0	Plato	Minos	tlg0059.tlg033.perseus-grc2	section,section
corpora/greek_literature/canonical-greekLit/tlg0059/tlg034/perseus-grc2/1/tf/1.0	Plato	Laws	tlg0059.tlg034.perseus-grc2	book,section
corpora/greek_literature/canonical-greekLit/tlg0059/tlg035/perseus-grc2/1/tf/1.0	Plato	Epinomis	tlg0059.tlg035.perseus-grc2	section,section
corpora/greek_literature/canonical-greekLit/tlg0059/tlg036/perseus-grc2/1/tf/1.0	Plato	Epistles	tlg0059.tlg036.perseus-grc2	letter,section
corpora/greek_literature/canonical-greekLit/tlg0060/tlg001/perseus-grc1/1/tf/1.0	Diodorus Siculus	Bibliotheca Historica, Books I-V, Machine readable text	tlg0060.tlg001.perseus-grc1	book,chapter,section
corpora/greek_literature/canonical-greekLit/tlg0060/tlg001/perseus-grc2/1/tf/1.0	Diodorus Siculus	Bibliotheca Historica, Books XVIII-XX, Machine readable text	tlg0060.tlg001.perseus-grc2	book,chapter,section
corpora/greek_literature/canonical-greekLit/tlg0060/tlg001/perseus-grc3/1/tf/1.0	Diodorus Siculus	Library (Greek). Machine readable text	tlg0060.tlg001.perseus-grc3	Book,chapter,section
corpora/greek_literature/canonical-greekLit/tlg0062/tlg001/perseus-grc1/1/tf/1.0	Lucian	Phalaris, Machine readable text	tlg0062.tlg001.perseus-grc1	book,section
corpora/greek_literature/canonical-greekLit/tlg0062/tlg002/perseus-grc1/1/tf/1.0	Lucian	Hippias, Machine readable text	tlg0062.tlg002.perseus-grc1	section
corpora/greek_literature/canonical-greekLit/tlg0062/tlg003/perseus-grc1/1/tf/1.0	Lucian	Bacchus, Machine readable text	tlg0062.tlg003.perseus-grc1	section
corpora/greek_literature/canonical-greekLit/tlg0062/tlg004/perseus-grc1/1/tf/1.0	Lucian	Hercules, Machine readable text	tlg0062.tlg004.perseus-grc1	section
corpora/greek_literature/canonical-greekLit/tlg0062/tlg005/perseus-grc1/1/tf/1.0	Lucian	Electrum, Machine readable text	tlg0062.tlg005.perseus-grc1	section
corpora/greek_literature/canonical-greekLit/tlg0062/tlg006/perseus-grc1/1/tf/1.0	Lucian	Muscae Encomium, Machine readable text	tlg0062.tlg006.perseus-grc1	section
corpora/greek_literature/canonical-greekLit/tlg0062/tlg007/perseus-grc1/1/tf/1.0	Lucian	Nigrinus, Machine readable text	tlg0062.tlg007.perseus-grc1	section
corpora/greek_literature/canonical-greekLit/tlg0062/tlg008/perseus-grc1/1/tf/1.0	Lucian	Demonax, Machine readable text	tlg0062.tlg008.perseus-grc1	section
corpora/greek_literature/canonical-greekLit/tlg0062/tlg009/perseus-grc1/1/tf/1.0	Lucian	De Domo, Machine readable text	tlg0062.tlg009.perseus-grc1	section
corpora/greek_literature/canonical-greekLit/tlg0062/tlg010/perseus-grc1/1/tf/1.0	Lucian	Patriae Encomium, Machine readable text	tlg0062.tlg010.perseus-grc1	section
corpora/greek_literature/canonical-greekLit/tlg0062/tlg011/perseus-grc1/1/tf/1.0	Lucian	Macrobii, Machine readable text	tlg0062.tlg011.perseus-grc1	section
corpora/greek_literature/canonical-greekLit/tlg0062/tlg012/perseus-grc1/1/tf/1.0	Lucian	Verae Historiae, Machine readable text	tlg0062.tlg012.perseus-grc1	book,section
corpora/greek_literature/canonical-greekLit/tlg0062/tlg013/perseus-grc1/1/tf/1.0	Lucian	Calumniae non temere credundum, Machine readable text	tlg0062.tlg013.perseus-grc1	section
corpora/greek_literature/canonical-greekLit/tlg0062/tlg014/perseus-grc1/1/tf/1.0	Lucian	Judicium vocalium, Machine readable text	tlg0062.tlg014.perseus-grc1	section
corpora/greek_literature/canonical-greekLit/tlg0062/tlg015/perseus-grc1/1/tf/1.0	Lucian	Symposium, Machine readable text	tlg0062.tlg015.perseus-grc1	section
corpora/greek_literature/canonical-greekLit/tlg0062/tlg016/perseus-grc1/1/tf/1.0	Lucian	Cataplus, Machine readable text	tlg0062.tlg016.perseus-grc1	section
corpora/greek_literature/canonical-greekLit/tlg0062/tlg017/perseus-grc1/1/tf/1.0	Lucian	Juppiter confuatus, Machine readable text	tlg0062.tlg017.perseus-grc1	section
corpora/greek_literature/canonical-greekLit/tlg0062/tlg018/perseus-grc1/1/tf/1.0	Lucian	Juppiter trageodeus, Machine readable text	tlg0062.tlg018.perseus-grc1	section
corpora/greek_literature/canonical-greekLit/tlg0062/tlg019/perseus-grc1/1/tf/1.0	Lucian	Gallus, Machine readable text	tlg0062.tlg019.perseus-grc1	section
corpora/greek_literature/canonical-greekLit/tlg0062/tlg020/perseus-grc1/1/tf/1.0	Lucian	Prometheus, Machine readable text	tlg0062.tlg020.perseus-grc1	section
corpora/greek_literature/canonical-greekLit/tlg0062/tlg021/perseus-grc1/1/tf/1.0	Lucian	Icaromenippus, Machine readable text	tlg0062.tlg021.perseus-grc1	section
corpora/greek_literature/canonical-greekLit/tlg0062/tlg022/perseus-grc1/1/tf/1.0	Lucian	Timon, Machine readable text	tlg0062.tlg022.perseus-grc1	section
corpora/greek_literature/canonical-greekLit/tlg0062/tlg023/perseus-grc1/1/tf/1.0	Lucian	Contemplantes, Machine readable text	tlg0062.tlg023.perseus-grc1	section
corpora/greek_literature/canonical-greekLit/tlg0062/tlg024/perseus-grc1/1/tf/1.0	Lucian	Vitarum auctio, Machine readable text	tlg0062.tlg024.perseus-grc1	section
corpora/greek_literature/canonical-greekLit/tlg0062/tlg025/perseus-grc1/1/tf/1.0	Lucian	Piscator, Machine readable text	tlg0062.tlg025.perseus-grc1	section
corpora/greek_literature/canonical-greekLit/tlg0062/tlg026/perseus-grc1/1/tf/1.0	Lucian	Bis accusatus sive tribunalia, Machine readable text	tlg0062.tlg026.perseus-grc1	section
corpora/greek_literature/canonical-greekLit/tlg0062/tlg027/perseus-grc1/1/tf/1.0	Lucian	De sacrificiis, Machine readable text	tlg0062.tlg027.perseus-grc1	section
corpora/greek_literature/canonical-greekLit/tlg0062/tlg027/perseus-grc2/1/tf/1.0	Lucian	De sacrificiis, Machine readable text	tlg0062.tlg027.perseus-grc2	section
corpora/greek_literature/canonical-greekLit/tlg0062/tlg028/perseus-grc1/1/tf/1.0	Lucian	Adversus indoctum et libros multos ementem, Machine readable text	tlg0062.tlg028.perseus-grc1	section
corpora/greek_literature/canonical-greekLit/tlg0062/tlg029/perseus-grc1/1/tf/1.0	Lucian	Somnium sive vita Luciani, Machine readable text	tlg0062.tlg029.perseus-grc1	section
corpora/greek_literature/canonical-greekLit/tlg0062/tlg030/perseus-grc1/1/tf/1.0	Lucian	De parasito sive artem esse parasiticam, Machine readable text	tlg0062.tlg030.perseus-grc1	section
corpora/greek_literature/canonical-greekLit/tlg0062/tlg031/perseus-grc1/1/tf/1.0	Lucian	Philopsuedes sive incredulus, Machine readable text	tlg0062.tlg031.perseus-grc1	section
corpora/greek_literature/canonical-greekLit/tlg0062/tlg032/perseus-grc1/1/tf/1.0	Lucian	Dearum judicium, Machine readable text	tlg0062.tlg032.perseus-grc1	section
corpora/greek_literature/canonical-greekLit/tlg0062/tlg033/perseus-grc1/1/tf/1.0	Lucian	De mercede, Machine readable text	tlg0062.tlg033.perseus-grc1	section
corpora/greek_literature/canonical-greekLit/tlg0062/tlg034/perseus-grc1/1/tf/1.0	Lucian	Anacharsis, Machine readable text	tlg0062.tlg034.perseus-grc1	section
corpora/greek_literature/canonical-greekLit/tlg0062/tlg035/perseus-grc1/1/tf/1.0	Lucian	Necyomantia, Machine readable text	tlg0062.tlg035.perseus-grc1	section
corpora/greek_literature/canonical-greekLit/tlg0062/tlg036/perseus-grc1/1/tf/1.0	Lucian	De luctu, Machine readable text	tlg0062.tlg036.perseus-grc1	section
corpora/greek_literature/canonical-greekLit/tlg0062/tlg037/perseus-grc1/1/tf/1.0	Lucian	Rhetorum praeceptor, Machine readable text	tlg0062.tlg037.perseus-grc1	section
corpora/greek_literature/canonical-greekLit/tlg0062/tlg038/perseus-grc1/1/tf/1.0	Lucian	Alexander, Machine readable text	tlg0062.tlg038.perseus-grc1	section
corpora/greek_literature/canonical-greekLit/tlg0062/tlg039/perseus-grc1/1/tf/1.0	Lucian	Imagines, Machine readable text	tlg0062.tlg039.perseus-grc1	section
corpora/greek_literature/canonical-greekLit/tlg0062/tlg040/perseus-grc1/1/tf/1.0	Lucian	Pro imaginibus, Machine readable text	tlg0062.tlg040.perseus-grc1	section
corpora/greek_literature/canonical-greekLit/tlg0062/tlg041/perseus-grc1/1/tf/1.0	Lucian	De Syria dea, Machine readable text	tlg0062.tlg041.perseus-grc1	section
corpora/greek_literature/canonical-greekLit/tlg0062/tlg042/perseus-grc1/1/tf/1.0	Lucian	De morte Peregrini, Machine readable text	tlg0062.tlg042.perseus-grc1	section
corpora/greek_literature/canonical-greekLit/tlg0062/tlg043/perseus-grc1/1/tf/1.0	Lucian	Fugitivi, Machine readable text	tlg0062.tlg043.perseus-grc1	section
corpora/greek_literature/canonical-greekLit/tlg0062/tlg044/perseus-grc1/1/tf/1.0	Lucian	Toxaris vel amicitia, Machine readable text	tlg0062.tlg044.perseus-grc1	section
corpora/greek_literature/canonical-greekLit/tlg0062/tlg045/perseus-grc1/1/tf/1.0	Lucian	De saltatione, Machine readable text	tlg0062.tlg045.perseus-grc1	section
corpora/greek_literature/canonical-greekLit/tlg0062/tlg046/perseus-grc1/1/tf/1.0	Lucian	Lexiphanes, Machine readable text	tlg0062.tlg046.perseus-grc1	section
corpora/greek_literature/canonical-greekLit/tlg0062/tlg047/perseus-grc1/1/tf/1.0	Lucian	Eunuchus, Machine readable text	tlg0062.tlg047.perseus-grc1	section
corpora/greek_literature/canonical-greekLit/tlg0062/tlg048/perseus-grc1/1/tf/1.0	Lucian	De astrologia, Machine readable text	tlg0062.tlg048.perseus-grc1	section
corpora/greek_literature/canonical-greekLit/tlg0062/tlg049/perseus-grc1/1/tf/1.0	Lucian	Pseudologista, Machine readable text	tlg0062.tlg049.perseus-grc1	section
corpora/greek_literature/canonical-greekLit/tlg0062/tlg050/perseus-grc1/1/tf/1.0	Lucian	Deorum concilium, Machine readable text	tlg0062.tlg050.perseus-grc1	section
corpora/greek_literature/canonical-greekLit/tlg0062/tlg051/perseus-grc1/1/tf/1.0	Lucian	Tyrannicida, Machine readable text	tlg0062.tlg051.perseus-grc1	section
corpora/greek_literature/canonical-greekLit/tlg0062/tlg052/perseus-grc1/1/tf/1.0	Lucian	Abdicatus, Machine readable text	tlg0062.tlg052.perseus-grc1	section
corpora/greek_literature/canonical-greekLit/tlg0062/tlg053/perseus-grc1/1/tf/1.0	Lucian	Quomodo historia conscribenda sit	tlg0062.tlg053.perseus-grc1	chapter
corpora/greek_literature/canonical-greekLit/tlg0062/tlg054/perseus-grc1/1/tf/1.0	Lucian	Dipsades	tlg0062.tlg054.perseus-grc1	section
corpora/greek_literature/canonical-greekLit/tlg0062/tlg055/perseus-grc1/1/tf/1.0	Lucian	Saturnalia	tlg0062.tlg055.perseus-grc1	section
corpora/greek_literature/canonical-greekLit/tlg0062/tlg056/perseus-grc1/1/tf/1.0	Lucian	Herodotus	tlg0062.tlg056.perseus-grc1	section
corpora/greek_literature/canonical-greekLit/tlg0062/tlg057/perseus-grc1/1/tf/1.0	Lucian	Zeuxis	tlg0062.tlg057.perseus-grc1	section
corpora/greek_literature/canonical-greekLit/tlg0062/tlg058/perseus-grc1/1/tf/1.0	Lucian	Pro lapsu inter salutandum	tlg0062.tlg058.perseus-grc1	section
corpora/greek_literature/canonical-greekLit/tlg0062/tlg059/perseus-grc1/1/tf/1.0	Lucian	Apologia	tlg0062.tlg059.perseus-grc1	section
corpora/greek_literature/canonical-greekLit/tlg0062/tlg060/perseus-grc1/1/tf/1.0	Lucian	Harmonides	tlg0062.tlg060.perseus-grc1	section
corpora/greek_literature/canonical-greekLit/tlg0062/tlg061/perseus-grc1/1/tf/1.0	Lucian	Hesiod	tlg0062.tlg061.perseus-grc1	section
corpora/greek_literature/canonical-greekLit/tlg0062/tlg062/perseus-grc1/1/tf/1.0	Lucian	Scytha	tlg0062.tlg062.perseus-grc1	section
corpora/greek_literature/canonical-greekLit/tlg0062/tlg063/perseus-grc1/1/tf/1.0	Lucian	Hermotimus	tlg0062.tlg063.perseus-grc1	section
corpora/greek_literature/canonical-greekLit/tlg0062/tlg064/perseus-grc1/1/tf/1.0	Lucian	Prometheus es in verbis	tlg0062.tlg064.perseus-grc1	section
corpora/greek_literature/canonical-greekLit/tlg0062/tlg065/perseus-grc1/1/tf/1.0	Lucian	Navigium	tlg0062.tlg065.perseus-grc1	section
corpora/greek_literature/canonical-greekLit/tlg0062/tlg066/perseus-grc1/1/tf/1.0	Lucian	Dialogi mortuorum	tlg0062.tlg066.perseus-grc1	book,section
corpora/greek_literature/canonical-greekLit/tlg0062/tlg067/perseus-grc1/1/tf/1.0	Lucian	Dialogi Marini	tlg0062.tlg067.perseus-grc1	book,section,chapter
corpora/greek_literature/canonical-greekLit/tlg0062/tlg068/perseus-grc1/1/tf/1.0	Lucian	Dialogi deorum	tlg0062.tlg068.perseus-grc1	book,section
corpora/greek_literature/canonical-greekLit/tlg0062/tlg069/perseus-grc1/1/tf/1.0	Lucian	Dialogi meretricii	tlg0062.tlg069.perseus-grc1	book,section
corpora/greek_literature/canonical-greekLit/tlg0062/tlg070/perseus-grc1/1/tf/1.0	Lucian	Soleocista	tlg0062.tlg070.perseus-grc1	section
corpora/greek_literature/canonical-greekLit/tlg0062/tlg071/perseus-grc1/1/tf/1.0	Lucian	Podagra	tlg0062.tlg071.perseus-grc1	
corpora/greek_literature/canonical-greekLit/tlg0074/tlg001/perseus-grc1/1/tf/1.0	Arrian	Anabasis	tlg0074.tlg001.perseus-grc1	book,chapter,section
corpora/greek_literature/canonical-greekLit/tlg0074/tlg002/perseus-grc1/1/tf/1.0	Arrian	Indica	tlg0074.tlg002.perseus-grc1	chapter,section
corpora/greek_literature/canonical-greekLit/tlg0074/tlg003/perseus-grc1/1/tf/1.0	Arrian	Cynegeticus	tlg0074.tlg003.perseus-grc1	chapter,section
corpora/greek_literature/canonical-greekLit/tlg0074/tlg004/perseus-grc1/1/tf/1.0	Arrian	Periplus Ponti Euxini	tlg0074.tlg004.perseus-grc1	chapter,section
corpora/greek_literature/canonical-greekLit/tlg0074/tlg005/perseus-grc1/1/tf/1.0	Arrian	Tactica	tlg0074.tlg005.perseus-grc1	chapter,section
corpora/greek_literature/canonical-greekLit/tlg0074/tlg006/perseus-grc1/1/tf/1.0	Arrian	Acies Contra Alanos	tlg0074.tlg006.perseus-grc1	section
corpora/greek_literature/canonical-greekLit/tlg0081/tlg001/perseus-grc1/1/tf/1.0	Dionysius of Halicarnassus	Antiquitates Romanae, Books I-XX	tlg0081.tlg001.perseus-grc1	book,chapter,section
corpora/greek_literature/canonical-greekLit/tlg0081/tlg002/perseus-grc1/1/tf/1.0	Dionysius of Halicarnassus	De antiquis oratoribus	tlg0081.tlg002.perseus-grc1	chapter
corpora/greek_literature/canonical-greekLit/tlg0081/tlg003/perseus-grc1/1/tf/1.0	Dionysius of Halicarnassus	De Lysia	tlg0081.tlg003.perseus-grc1	chapter
corpora/greek_literature/canonical-greekLit/tlg0081/tlg004/perseus-grc1/1/tf/1.0	Dionysius of Halicarnassus	De Isocrate	tlg0081.tlg004.perseus-grc1	chapter
corpora/greek_literature/canonical-greekLit/tlg0081/tlg005/perseus-grc1/1/tf/1.0	Dionysius of Halicarnassus	De Isaeo	tlg0081.tlg005.perseus-grc1	chapter
corpora/greek_literature/canonical-greekLit/tlg0081/tlg006/perseus-grc1/1/tf/1.0	Dionysius of Halicarnassus	De Demosthene	tlg0081.tlg006.perseus-grc1	chapter
corpora/greek_literature/canonical-greekLit/tlg0081/tlg007/perseus-grc1/1/tf/1.0	Dionysius of Halicarnassus	Libri secundi de antiquis oratoribus reliquiae	tlg0081.tlg007.perseus-grc1	chapter
corpora/greek_literature/canonical-greekLit/tlg0081/tlg008/perseus-grc1/1/tf/1.0	Dionysius of Halicarnassus	Ad Ammaeum	tlg0081.tlg008.perseus-grc1	chapter
corpora/greek_literature/canonical-greekLit/tlg0081/tlg009/perseus-grc1/1/tf/1.0	Dionysius of Halicarnassus	De Dinarcho	tlg0081.tlg009.perseus-grc1	chapter
corpora/greek_literature/canonical-greekLit/tlg0081/tlg010/perseus-grc1/1/tf/1.0	Dionysius of Halicarnassus	De Thucydide	tlg0081.tlg010.perseus-grc1	chapter
corpora/greek_literature/canonical-greekLit/tlg0081/tlg011/perseus-grc1/1/tf/1.0	Dionysius of Halicarnassus	De Thucydidis idiomatibus (epistula ad Ammaeum)	tlg0081.tlg011.perseus-grc1	chapter
corpora/greek_literature/canonical-greekLit/tlg0081/tlg012/perseus-grc1/1/tf/1.0	Dionysius of Halicarnassus	De Compositione Verborum	tlg0081.tlg012.perseus-grc1	chapter
corpora/greek_literature/canonical-greekLit/tlg0081/tlg015/perseus-grc1/1/tf/1.0	Dionysius of Halicarnassus	Epistula ad Pompeium Geminum	tlg0081.tlg015.perseus-grc1	chapter,section
corpora/greek_literature/canonical-greekLit/tlg0085/tlg001/perseus-grc2/1/tf/1.0	Aeschylus	Suppliant Maidens, Machine readable text	tlg0085.tlg001.perseus-grc2	card,strophe,ephymnion
corpora/greek_literature/canonical-greekLit/tlg0085/tlg002/perseus-grc2/1/tf/1.0	Aeschylus	Persians, Machine readable text	tlg0085.tlg002.perseus-grc2	card,strophe,antistrophe
corpora/greek_literature/canonical-greekLit/tlg0085/tlg003/perseus-grc2/1/tf/1.0	Aeschylus	Prometheus Bound, Machine readable text	tlg0085.tlg003.perseus-grc2	card,strophe,antistrophe
corpora/greek_literature/canonical-greekLit/tlg0085/tlg004/perseus-grc2/1/tf/1.0	Aeschylus	Seven Against Thebes, Machine readable text	tlg0085.tlg004.perseus-grc2	card,strophe,antistrophe
corpora/greek_literature/canonical-greekLit/tlg0085/tlg005/perseus-grc2/1/tf/1.0	Aeschylus	Agamemnon, Machine readable text	tlg0085.tlg005.perseus-grc2	card,strophe,ephymn
corpora/greek_literature/canonical-greekLit/tlg0085/tlg006/perseus-grc2/1/tf/1.0	Aeschylus	Libation Bearers, Machine readable text	tlg0085.tlg006.perseus-grc2	card,strophe,ephymn
corpora/greek_literature/canonical-greekLit/tlg0085/tlg007/perseus-grc2/1/tf/1.0	Aeschylus	Eumenides, Machine readable text	tlg0085.tlg007.perseus-grc2	card,strophe,ephymn
corpora/greek_literature/canonical-greekLit/tlg0086/tlg003/perseus-grc1/1/tf/1.0	Aristotle	Athenian Constitution, Machine readable text	tlg0086.tlg003.perseus-grc1	work,chapter,section
corpora/greek_literature/canonical-greekLit/tlg0086/tlg009/perseus-grc1/1/tf/1.0	Aristotle	Eudemian Ethics (Greek). Machine readable text	tlg0086.tlg009.perseus-grc1	Book,section
corpora/greek_literature/canonical-greekLit/tlg0086/tlg010/perseus-grc1/1/tf/1.0	Aristotle	Nicomachean Ethics, Machine readable text	tlg0086.tlg010.perseus-grc1	Book
corpora/greek_literature/canonical-greekLit/tlg0086/tlg025/perseus-grc1/1/tf/1.0	Aristotle	Metaphysics (Greek). Machine readable text	tlg0086.tlg025.perseus-grc1	Book,section
corpora/greek_literature/canonical-greekLit/tlg0086/tlg029/perseus-grc1/1/tf/1.0	Aristotle	Economics (Greek). Machine readable text	tlg0086.tlg029.perseus-grc1	Book
corpora/greek_literature/canonical-greekLit/tlg0086/tlg034/digicorpus-grc1/1/tf/1.0	Aristotle	Ars Poetica	tlg0086.tlg034.digicorpus-grc1	chapter,subchapter
corpora/greek_literature/canonical-greekLit/tlg0086/tlg035/perseus-grc1/1/tf/1.0	Aristotle	Politics (Greek). Machine readable text	tlg0086.tlg035.perseus-grc1	Book
corpora/greek_literature/canonical-greekLit/tlg0086/tlg038/perseus-grc1/1/tf/1.0	Aristotle	Rhetoric	tlg0086.tlg038.perseus-grc1	Book,chapter,section
corpora/greek_literature/canonical-greekLit/tlg0086/tlg045/perseus-grc2/1/tf/1.0	Aristotle	Virtues and Vices, Machine readable text	tlg0086.tlg045.perseus-grc2	section
corpora/greek_literature/canonical-greekLit/tlg0090/tlg001/opp-grc1/1/tf/1.0	Agathemerus	Geographiae Informatio	tlg0090.tlg001.opp-grc1	chapter,section
corpora/greek_literature/canonical-greekLit/tlg0093/tlg009/perseus-grc1/1/tf/1.0	Theophrastus	Characters	tlg0093.tlg009.perseus-grc1	chapter,section
corpora/greek_literature/canonical-greekLit/tlg0094/tlg002/perseus-grc1/1/tf/1.0	Pseudo-Plutarch	De musica, Machine readable text	tlg0094.tlg002.perseus-grc1	section
corpora/greek_literature/canonical-greekLit/tlg0094/tlg003/perseus-grc1/1/tf/1.0	Pseudo-Plutarch	Placita Philosophorum, Machine readable text	tlg0094.tlg003.perseus-grc1	book,chapter
corpora/greek_literature/canonical-greekLit/tlg0099/tlg001/perseus-grc1/1/tf/1.0	Strabo	Geography (Greek). Machine readable text	tlg0099.tlg001.perseus-grc1	book,chapter,Book
corpora/greek_literature/canonical-greekLit/tlg0099/tlg001/perseus-grc2/1/tf/1.0	Strabo	Geography	tlg0099.tlg001.perseus-grc2	book,chapter,section
corpora/greek_literature/canonical-greekLit/tlg0199/tlg001/perseus-grc1/1/tf/1.0	Bacchylides	Odes (Greek) - Ep	tlg0199.tlg001.perseus-grc1	Book,poem,strophe
corpora/greek_literature/canonical-greekLit/tlg0199/tlg002/perseus-grc1/1/tf/1.0	Bacchylides	Odes (Greek) - Dith	tlg0199.tlg002.perseus-grc1	Book,poem,strophe
corpora/greek_literature/canonical-greekLit/tlg0284/tlg001/perseus-grc1/1/tf/1.0	Aristides, Aelius	Orationes 1, Machine readable text	tlg0284.tlg001.perseus-grc1	
corpora/greek_literature/canonical-greekLit/tlg0284/tlg002/perseus-grc1/1/tf/1.0	Aristides, Aelius	Orationes 2, Machine readable text	tlg0284.tlg002.perseus-grc1	
corpora/greek_literature/canonical-greekLit/tlg0284/tlg003/perseus-grc1/1/tf/1.0	Aristides, Aelius	Orationes 3, Machine readable text	tlg0284.tlg003.perseus-grc1	
corpora/greek_literature/canonical-greekLit/tlg0284/tlg004/perseus-grc1/1/tf/1.0	Aristides, Aelius	Orationes 4, Machine readable text	tlg0284.tlg004.perseus-grc1	
corpora/greek_literature/canonical-greekLit/tlg0284/tlg005/perseus-grc1/1/tf/1.0	Aristides, Aelius	Orationes 5, Machine readable text	tlg0284.tlg005.perseus-grc1	
corpora/greek_literature/canonical-greekLit/tlg0284/tlg006/perseus-grc1/1/tf/1.0	Aristides, Aelius	Orationes 6, Machine readable text	tlg0284.tlg006.perseus-grc1	
corpora/greek_literature/canonical-greekLit/tlg0284/tlg007/perseus-grc1/1/tf/1.0	Aristides, Aelius	Orationes 7, Machine readable text	tlg0284.tlg007.perseus-grc1	
corpora/greek_literature/canonical-greekLit/tlg0284/tlg008/perseus-grc1/1/tf/1.0	Aristides, Aelius	Orationes 8, Machine readable text	tlg0284.tlg008.perseus-grc1	
corpora/greek_literature/canonical-greekLit/tlg0284/tlg009/perseus-grc1/1/tf/1.0	Aristides, Aelius	Orationes 9, Machine readable text	tlg0284.tlg009.perseus-grc1	
corpora/greek_literature/canonical-greekLit/tlg0284/tlg010/perseus-grc1/1/tf/1.0	Aristides, Aelius	Orationes 10, Machine readable text	tlg0284.tlg010.perseus-grc1	
corpora/greek_literature/canonical-greekLit/tlg0284/tlg011/perseus-grc1/1/tf/1.0	Aristides, Aelius	Orationes 11, Machine readable text	tlg0284.tlg011.perseus-grc1	
corpora/greek_literature/canonical-greekLit/tlg0284/tlg012/perseus-grc1/1/tf/1.0	Aristides, Aelius	Orationes 12, Machine readable text	tlg0284.tlg012.perseus-grc1	
corpora/greek_literature/canonical-greekLit/tlg0284/tlg013/perseus-grc1/1/tf/1.0	Aristides, Aelius	Orationes 13, Machine readable text	tlg0284.tlg013.perseus-grc1	
corpora/greek_literature/canonical-greekLit/tlg0284/tlg014/perseus-grc1/1/tf/1.0	Aristides, Aelius	Orationes 14, Machine readable text	tlg0284.tlg014.perseus-grc1	
corpora/greek_literature/canonical-greekLit/tlg0284/tlg015/perseus-grc1/1/tf/1.0	Aristides, Aelius	Orationes 15, Machine readable text	tlg0284.tlg015.perseus-grc1	
corpora/greek_literature/canonical-greekLit/tlg0284/tlg016/perseus-grc1/1/tf/1.0	Aristides, Aelius	Orationes 16, Machine readable text	tlg0284.tlg016.perseus-grc1	
corpora/greek_literature/canonical-greekLit/tlg0284/tlg017/perseus-grc1/1/tf/1.0	Aristides, Aelius	Orationes 17, Machine readable text	tlg0284.tlg017.perseus-grc1	
corpora/greek_literature/canonical-greekLit/tlg0284/tlg018/perseus-grc1/1/tf/1.0	Aristides, Aelius	Orationes 18, Machine readable text	tlg0284.tlg018.perseus-grc1	
corpora/greek_literature/canonical-greekLit/tlg0284/tlg019/perseus-grc1/1/tf/1.0	Aristides, Aelius	Orationes 19, Machine readable text	tlg0284.tlg019.perseus-grc1	
corpora/greek_literature/canonical-greekLit/tlg0284/tlg020/perseus-grc1/1/tf/1.0	Aristides, Aelius	Orationes 20, Machine readable text	tlg0284.tlg020.perseus-grc1	
corpora/greek_literature/canonical-greekLit/tlg0284/tlg021/perseus-grc1/1/tf/1.0	Aristides, Aelius	Orationes 21, Machine readable text	tlg0284.tlg021.perseus-grc1	
corpora/greek_literature/canonical-greekLit/tlg0284/tlg022/perseus-grc1/1/tf/1.0	Aristides, Aelius	Orationes 22, Machine readable text	tlg0284.tlg022.perseus-grc1	
corpora/greek_literature/canonical-greekLit/tlg0284/tlg023/perseus-grc1/1/tf/1.0	Aristides, Aelius	Orationes 23, Machine readable text	tlg0284.tlg023.perseus-grc1	
corpora/greek_literature/canonical-greekLit/tlg0284/tlg024/perseus-grc1/1/tf/1.0	Aristides, Aelius	Orationes 24, Machine readable text	tlg0284.tlg024.perseus-grc1	
corpora/greek_literature/canonical-greekLit/tlg0284/tlg025/perseus-grc1/1/tf/1.0	Aristides, Aelius	Orationes 25, Machine readable text	tlg0284.tlg025.perseus-grc1	
corpora/greek_literature/canonical-greekLit/tlg0284/tlg026/perseus-grc1/1/tf/1.0	Aristides, Aelius	Orationes 26, Machine readable text	tlg0284.tlg026.perseus-grc1	
corpora/greek_literature/canonical-greekLit/tlg0284/tlg027/perseus-grc1/1/tf/1.0	Aristides, Aelius	Orationes 27, Machine readable text	tlg0284.tlg027.perseus-grc1	
corpora/greek_literature/canonical-greekLit/tlg0284/tlg028/perseus-grc1/1/tf/1.0	Aristides, Aelius	Orationes 28, Machine readable text	tlg0284.tlg028.perseus-grc1	
corpora/greek_literature/canonical-greekLit/tlg0284/tlg029/perseus-grc1/1/tf/1.0	Aristides, Aelius	Orationes 29, Machine readable text	tlg0284.tlg029.perseus-grc1	
corpora/greek_literature/canonical-greekLit/tlg0284/tlg030/perseus-grc1/1/tf/1.0	Aristides, Aelius	Orationes 30, Machine readable text	tlg0284.tlg030.perseus-grc1	
corpora/greek_literature/canonical-greekLit/tlg0284/tlg031/perseus-grc1/1/tf/1.0	Aristides, Aelius	Orationes 31, Machine readable text	tlg0284.tlg031.perseus-grc1	
corpora/greek_literature/canonical-greekLit/tlg0284/tlg032/perseus-grc1/1/tf/1.0	Aristides, Aelius	Orationes 32, Machine readable text	tlg0284.tlg032.perseus-grc1	
corpora/greek_literature/canonical-greekLit/tlg0284/tlg033/perseus-grc1/1/tf/1.0	Aristides, Aelius	Orationes 33, Machine readable text	tlg0284.tlg033.perseus-grc1	
corpora/greek_literature/canonical-greekLit/tlg0284/tlg034/perseus-grc1/1/tf/1.0	Aristides, Aelius	Orationes 34, Machine readable text	tlg0284.tlg034.perseus-grc1	
corpora/greek_literature/canonical-greekLit/tlg0284/tlg035/perseus-grc1/1/tf/1.0	Aristides, Aelius	Orationes 35, Machine readable text	tlg0284.tlg035.perseus-grc1	
corpora/greek_literature/canonical-greekLit/tlg0284/tlg036/perseus-grc1/1/tf/1.0	Aristides, Aelius	Orationes 36, Machine readable text	tlg0284.tlg036.perseus-grc1	
corpora/greek_literature/canonical-greekLit/tlg0284/tlg037/perseus-grc1/1/tf/1.0	Aristides, Aelius	Orationes 37, Machine readable text	tlg0284.tlg037.perseus-grc1	
corpora/greek_literature/canonical-greekLit/tlg0284/tlg038/perseus-grc1/1/tf/1.0	Aristides, Aelius	Orationes 38, Machine readable text	tlg0284.tlg038.perseus-grc1	
corpora/greek_literature/canonical-greekLit/tlg0284/tlg039/perseus-grc1/1/tf/1.0	Aristides, Aelius	Orationes 39, Machine readable text	tlg0284.tlg039.perseus-grc1	
corpora/greek_literature/canonical-greekLit/tlg0284/tlg040/perseus-grc1/1/tf/1.0	Aristides, Aelius	Orationes 40, Machine readable text	tlg0284.tlg040.perseus-grc1	
corpora/greek_literature/canonical-greekLit/tlg0284/tlg041/perseus-grc1/1/tf/1.0	Aristides, Aelius	Orationes 41, Machine readable text	tlg0284.tlg041.perseus-grc1	
corpora/greek_literature/canonical-greekLit/tlg0284/tlg042/perseus-grc1/1/tf/1.0	Aristides, Aelius	Orationes 42, Machine readable text	tlg0284.tlg042.perseus-grc1	
corpora/greek_literature/canonical-greekLit/tlg0284/tlg043/perseus-grc1/1/tf/1.0	Aristides, Aelius	Orationes 43, Machine readable text	tlg0284.tlg043.perseus-grc1	
corpora/greek_literature/canonical-greekLit/tlg0284/tlg044/perseus-grc1/1/tf/1.0	Aristides, Aelius	Orationes 44, Machine readable text	tlg0284.tlg044.perseus-grc1	
corpora/greek_literature/canonical-greekLit/tlg0284/tlg045/perseus-grc1/1/tf/1.0	Aristides, Aelius	Orationes 45, Machine readable text	tlg0284.tlg045.perseus-grc1	
corpora/greek_literature/canonical-greekLit/tlg0284/tlg046/perseus-grc1/1/tf/1.0	Aristides, Aelius	Orationes 46, Machine readable text	tlg0284.tlg046.perseus-grc1	
corpora/greek_literature/canonical-greekLit/tlg0284/tlg047/perseus-grc1/1/tf/1.0	Aristides, Aelius	Orationes 47, Machine readable text	tlg0284.tlg047.perseus-grc1	
corpora/greek_literature/canonical-greekLit/tlg0284/tlg048/perseus-grc1/1/tf/1.0	Aristides, Aelius	Orationes 48, Machine readable text	tlg0284.tlg048.perseus-grc1	
corpora/greek_literature/canonical-greekLit/tlg0284/tlg049/perseus-grc1/1/tf/1.0	Aristides, Aelius	Orationes 49, Machine readable text	tlg0284.tlg049.perseus-grc1	
corpora/greek_literature/canonical-greekLit/tlg0284/tlg050/perseus-grc1/1/tf/1.0	Aristides, Aelius	Orationes 50, Machine readable text	tlg0284.tlg050.perseus-grc1	
corpora/greek_literature/canonical-greekLit/tlg0284/tlg051/perseus-grc1/1/tf/1.0	Aristides, Aelius	Orationes 51, Machine readable text	tlg0284.tlg051.perseus-grc1	
corpora/greek_literature/canonical-greekLit/tlg0284/tlg052/perseus-grc1/1/tf/1.0	Aristides, Aelius	Orationes 52, Machine readable text	tlg0284.tlg052.perseus-grc1	
corpora/greek_literature/canonical-greekLit/tlg0284/tlg053/perseus-grc1/1/tf/1.0	Aristides, Aelius	Orationes 53, Machine readable text	tlg0284.tlg053.perseus-grc1	
corpora/greek_literature/canonical-greekLit/tlg0284/tlg054/perseus-grc1/1/tf/1.0	Aristides, Aelius	Orationes 54, Machine readable text	tlg0284.tlg054.perseus-grc1	
corpora/greek_literature/canonical-greekLit/tlg0284/tlg055/perseus-grc1/1/tf/1.0	Aristides, Aelius	Orationes 55, Machine readable text	tlg0284.tlg055.perseus-grc1	
corpora/greek_literature/canonical-greekLit/tlg0284/tlg056/perseus-grc1/1/tf/1.0	Aristides, Aelius	Ars Rhetorica, Machine readable text	tlg0284.tlg056.perseus-grc1	book,chapter,subsection
corpora/greek_literature/canonical-greekLit/tlg0341/tlg002/perseus-grc1/1/tf/1.0	Lycophron	Alexandra	tlg0341.tlg002.perseus-grc1	book
corpora/greek_literature/canonical-greekLit/tlg0363/tlg007/perseus-grc1/1/tf/1.0	Claudius Ptolemy	Tetrabiblos	tlg0363.tlg007.perseus-grc1	book,chapter
corpora/greek_literature/canonical-greekLit/tlg0385/tlg001/perseus-grc1/1/tf/1.0	Cassius Dio Cocceianus	Historiae Romanae	tlg0385.tlg001.perseus-grc1	book,chapter,section
corpora/greek_literature/canonical-greekLit/tlg0525/tlg001/perseus-grc2/1/tf/1.0	Pausanias	Description of Greece (Greek). Machine readable text	tlg0525.tlg001.perseus-grc2	book,chapter,section
corpora/greek_literature/canonical-greekLit/tlg0526/tlg001/perseus-grc1/1/tf/1.0	Flavius Josephus	Antiquitates Judaicae, Machine readable text	tlg0526.tlg001.perseus-grc1	Book,section
corpora/greek_literature/canonical-greekLit/tlg0526/tlg002/perseus-grc1/1/tf/1.0	Flavius Josephus	Josephi vita, Machine readable text	tlg0526.tlg002.perseus-grc1	section
corpora/greek_literature/canonical-greekLit/tlg0526/tlg003/perseus-grc1/1/tf/1.0	Flavius Josephus	Contra Apionem, Machine readable text	tlg0526.tlg003.perseus-grc1	Book,section
corpora/greek_literature/canonical-greekLit/tlg0526/tlg004/perseus-grc1/1/tf/1.0	Flavius Josephus	De bello Judaico libri vii, Machine readable text	tlg0526.tlg004.perseus-grc1	Book,section
corpora/greek_literature/canonical-greekLit/tlg0532/tlg001/perseus-grc1/1/tf/1.0	Achilles Tatius	Leucippe et Clitophon	tlg0532.tlg001.perseus-grc1	book,chapter,section
corpora/greek_literature/canonical-greekLit/tlg0533/tlg003/perseus-grc1/1/tf/1.0	Callimachus	Epigrams	tlg0533.tlg003.perseus-grc1	poem
corpora/greek_literature/canonical-greekLit/tlg0533/tlg004/perseus-grc1/1/tf/1.0	Callimachus	Epigrams, Fragmenta	tlg0533.tlg004.perseus-grc1	poem
corpora/greek_literature/canonical-greekLit/tlg0533/tlg015/perseus-grc1/1/tf/1.0	Callimachus	Hymn to Zeus	tlg0533.tlg015.perseus-grc1	
corpora/greek_literature/canonical-greekLit/tlg0533/tlg015/perseus-grc2/1/tf/1.0	Callimachus	Hymn to Zeus	tlg0533.tlg015.perseus-grc2	poem,card
corpora/greek_literature/canonical-greekLit/tlg0533/tlg016/perseus-grc1/1/tf/1.0	Callimachus	Hymn to Apollo	tlg0533.tlg016.perseus-grc1	
corpora/greek_literature/canonical-greekLit/tlg0533/tlg016/perseus-grc2/1/tf/1.0	Callimachus	Hymn to Apollo	tlg0533.tlg016.perseus-grc2	poem,card
corpora/greek_literature/canonical-greekLit/tlg0533/tlg017/perseus-grc1/1/tf/1.0	Callimachus	Hymn to Artemis	tlg0533.tlg017.perseus-grc1	
corpora/greek_literature/canonical-greekLit/tlg0533/tlg017/perseus-grc2/1/tf/1.0	Callimachus	Hymn to Artemis	tlg0533.tlg017.perseus-grc2	poem,card
corpora/greek_literature/canonical-greekLit/tlg0533/tlg018/perseus-grc1/1/tf/1.0	Callimachus	Hymn to Delos	tlg0533.tlg018.perseus-grc1	
corpora/greek_literature/canonical-greekLit/tlg0533/tlg018/perseus-grc2/1/tf/1.0	Callimachus	Hymn to Delos	tlg0533.tlg018.perseus-grc2	poem,card
corpora/greek_literature/canonical-greekLit/tlg0533/tlg019/perseus-grc1/1/tf/1.0	Callimachus	Hymn to Athena	tlg0533.tlg019.perseus-grc1	
corpora/greek_literature/canonical-greekLit/tlg0533/tlg019/perseus-grc2/1/tf/1.0	Callimachus	Hymn to Athena	tlg0533.tlg019.perseus-grc2	poem,card
corpora/greek_literature/canonical-greekLit/tlg0533/tlg020/perseus-grc1/1/tf/1.0	Callimachus	Hymn to Demeter	tlg0533.tlg020.perseus-grc1	
corpora/greek_literature/canonical-greekLit/tlg0533/tlg020/perseus-grc2/1/tf/1.0	Callimachus	Hymn to Demeter	tlg0533.tlg020.perseus-grc2	poem,card
corpora/greek_literature/canonical-greekLit/tlg0535/tlg001/perseus-grc1/1/tf/1.0	Demades	On the Twelve Years	tlg0535.tlg001.perseus-grc1	section
corpora/greek_literature/canonical-greekLit/tlg0540/tlg001/perseus-grc2/1/tf/1.0	Lysias	On the Murder of Eratosthenes	tlg0540.tlg001.perseus-grc2	part,section
corpora/greek_literature/canonical-greekLit/tlg0540/tlg002/perseus-grc2/1/tf/1.0	Lysias	Funeral Oration	tlg0540.tlg002.perseus-grc2	section
corpora/greek_literature/canonical-greekLit/tlg0540/tlg003/perseus-grc2/1/tf/1.0	Lysias	Against Simon	tlg0540.tlg003.perseus-grc2	section
corpora/greek_literature/canonical-greekLit/tlg0540/tlg004/perseus-grc2/1/tf/1.0	Lysias	On A Wound By Premeditation	tlg0540.tlg004.perseus-grc2	part,section,section
corpora/greek_literature/canonical-greekLit/tlg0540/tlg005/perseus-grc2/1/tf/1.0	Lysias	For Callias	tlg0540.tlg005.perseus-grc2	part,section
corpora/greek_literature/canonical-greekLit/tlg0540/tlg006/perseus-grc2/1/tf/1.0	Lysias	Against Andocides	tlg0540.tlg006.perseus-grc2	part,section
corpora/greek_literature/canonical-greekLit/tlg0540/tlg007/perseus-grc2/1/tf/1.0	Lysias	Defense in the Matter of the Olive Stump	tlg0540.tlg007.perseus-grc2	section
corpora/greek_literature/canonical-greekLit/tlg0540/tlg008/perseus-grc2/1/tf/1.0	Lysias	Accusation of Calumny	tlg0540.tlg008.perseus-grc2	section
corpora/greek_literature/canonical-greekLit/tlg0540/tlg009/perseus-grc2/1/tf/1.0	Lysias	For The Soldier	tlg0540.tlg009.perseus-grc2	section
corpora/greek_literature/canonical-greekLit/tlg0540/tlg010/perseus-grc2/1/tf/1.0	Lysias	Against Theomnestus 1	tlg0540.tlg010.perseus-grc2	section
corpora/greek_literature/canonical-greekLit/tlg0540/tlg011/perseus-grc2/1/tf/1.0	Lysias	Against Theomnestus 2	tlg0540.tlg011.perseus-grc2	section
corpora/greek_literature/canonical-greekLit/tlg0540/tlg012/perseus-grc2/1/tf/1.0	Lysias	Against Eratosthenes	tlg0540.tlg012.perseus-grc2	section
corpora/greek_literature/canonical-greekLit/tlg0540/tlg013/perseus-grc2/1/tf/1.0	Lysias	Against Agoratus	tlg0540.tlg013.perseus-grc2	section
corpora/greek_literature/canonical-greekLit/tlg0540/tlg014/perseus-grc2/1/tf/1.0	Lysias	Against Alcibiades 1	tlg0540.tlg014.perseus-grc2	section
corpora/greek_literature/canonical-greekLit/tlg0540/tlg015/perseus-grc2/1/tf/1.0	Lysias	Against Alcibiades 2	tlg0540.tlg015.perseus-grc2	part,section
corpora/greek_literature/canonical-greekLit/tlg0540/tlg016/perseus-grc2/1/tf/1.0	Lysias	In Defense of Mantitheus	tlg0540.tlg016.perseus-grc2	section
corpora/greek_literature/canonical-greekLit/tlg0540/tlg017/perseus-grc2/1/tf/1.0	Lysias	On The Property Of Eraton	tlg0540.tlg017.perseus-grc2	section
corpora/greek_literature/canonical-greekLit/tlg0540/tlg018/perseus-grc2/1/tf/1.0	Lysias	On the Confiscation of the Property Of The Brother Of Nicias	tlg0540.tlg018.perseus-grc2	part,section,section
corpora/greek_literature/canonical-greekLit/tlg0540/tlg019/perseus-grc2/1/tf/1.0	Lysias	On the Property of Aristophanes	tlg0540.tlg019.perseus-grc2	section
corpora/greek_literature/canonical-greekLit/tlg0540/tlg020/perseus-grc2/1/tf/1.0	Lysias	For Polystratus	tlg0540.tlg020.perseus-grc2	section
corpora/greek_literature/canonical-greekLit/tlg0540/tlg021/perseus-grc2/1/tf/1.0	Lysias	Defense Against A Charge Of Taking Bribes	tlg0540.tlg021.perseus-grc2	part,section
corpora/greek_literature/canonical-greekLit/tlg0540/tlg022/perseus-grc2/1/tf/1.0	Lysias	Against The Corn-Dealers	tlg0540.tlg022.perseus-grc2	section
corpora/greek_literature/canonical-greekLit/tlg0540/tlg023/perseus-grc2/1/tf/1.0	Lysias	Against Pancleon	tlg0540.tlg023.perseus-grc2	section,part
corpora/greek_literature/canonical-greekLit/tlg0540/tlg024/perseus-grc2/1/tf/1.0	Lysias	On The Refusal Of A Pension	tlg0540.tlg024.perseus-grc2	section
corpora/greek_literature/canonical-greekLit/tlg0540/tlg025/perseus-grc2/1/tf/1.0	Lysias	Defense Against a Charge of Subverting the Democracy	tlg0540.tlg025.perseus-grc2	part,section
corpora/greek_literature/canonical-greekLit/tlg0540/tlg026/perseus-grc2/1/tf/1.0	Lysias	On the Scrutiny of Evandros	tlg0540.tlg026.perseus-grc2	part,section
corpora/greek_literature/canonical-greekLit/tlg0540/tlg027/perseus-grc2/1/tf/1.0	Lysias	Against Epicrates and his Fellow-envoys	tlg0540.tlg027.perseus-grc2	section
corpora/greek_literature/canonical-greekLit/tlg0540/tlg028/perseus-grc2/1/tf/1.0	Lysias	Against Ergocles	tlg0540.tlg028.perseus-grc2	section
corpora/greek_literature/canonical-greekLit/tlg0540/tlg029/perseus-grc2/1/tf/1.0	Lysias	Against Philocrates	tlg0540.tlg029.perseus-grc2	section
corpora/greek_literature/canonical-greekLit/tlg0540/tlg030/perseus-grc2/1/tf/1.0	Lysias	Against Nicomachus	tlg0540.tlg030.perseus-grc2	section
corpora/greek_literature/canonical-greekLit/tlg0540/tlg031/perseus-grc2/1/tf/1.0	Lysias	Against Philon	tlg0540.tlg031.perseus-grc2	section,section
corpora/greek_literature/canonical-greekLit/tlg0540/tlg032/perseus-grc2/1/tf/1.0	Lysias	Against Diogeiton	tlg0540.tlg032.perseus-grc2	part,section
corpora/greek_literature/canonical-greekLit/tlg0540/tlg033/perseus-grc2/1/tf/1.0	Lysias	Olympic Oration	tlg0540.tlg033.perseus-grc2	part,section
corpora/greek_literature/canonical-greekLit/tlg0540/tlg034/perseus-grc2/1/tf/1.0	Lysias	Against The Subversion of the Ancestral Constitution	tlg0540.tlg034.perseus-grc2	part,section
corpora/greek_literature/canonical-greekLit/tlg0543/tlg001/perseus-grc2/1/tf/1.0	Polybius	Histories	tlg0543.tlg001.perseus-grc2	book,chapter,section
corpora/greek_literature/canonical-greekLit/tlg0545/tlg001/perseus-grc1/1/tf/1.0	Aelian	De Natura Animalium	tlg0545.tlg001.perseus-grc1	book,chapter
corpora/greek_literature/canonical-greekLit/tlg0545/tlg002/perseus-grc1/1/tf/1.0	Aelian	Varia Historia	tlg0545.tlg002.perseus-grc1	book,chapter
corpora/greek_literature/canonical-greekLit/tlg0545/tlg003/perseus-grc1/1/tf/1.0	Aelian	Epistulae Rusticae	tlg0545.tlg003.perseus-grc1	chapter
corpora/greek_literature/canonical-greekLit/tlg0548/tlg001/perseus-grc2/1/tf/1.0	Apollodorus	Library, Machine readable text	tlg0548.tlg001.perseus-grc2	book,chapter,volume
corpora/greek_literature/canonical-greekLit/tlg0548/tlg002/perseus-grc2/1/tf/1.0	Apollodorus	Epitome, Machine readable text	tlg0548.tlg002.perseus-grc2	chapter,section
corpora/greek_literature/canonical-greekLit/tlg0551/tlg002/perseus-grc2/1/tf/1.0	Appian	Kings	tlg0551.tlg002.perseus-grc2	fragment,fragment
corpora/greek_literature/canonical-greekLit/tlg0551/tlg003/perseus-grc2/1/tf/1.0	Appian	Italy	tlg0551.tlg003.perseus-grc2	fragment,section
corpora/greek_literature/canonical-greekLit/tlg0551/tlg004/perseus-grc2/1/tf/1.0	Appian	Samnite History	tlg0551.tlg004.perseus-grc2	fragment,section
corpora/greek_literature/canonical-greekLit/tlg0551/tlg005/perseus-grc2/1/tf/1.0	Appian	Gallic History	tlg0551.tlg005.perseus-grc2	fragment,section
corpora/greek_literature/canonical-greekLit/tlg0551/tlg006/perseus-grc2/1/tf/1.0	Appian	Sicily and the Other Islands	tlg0551.tlg006.perseus-grc2	fragment,section
corpora/greek_literature/canonical-greekLit/tlg0551/tlg007/perseus-grc2/1/tf/1.0	Appian	Wars in Spain	tlg0551.tlg007.perseus-grc2	chapter,section
corpora/greek_literature/canonical-greekLit/tlg0551/tlg008/perseus-grc2/1/tf/1.0	Appian	Hannibalic War	tlg0551.tlg008.perseus-grc2	chapter,section
corpora/greek_literature/canonical-greekLit/tlg0551/tlg009/perseus-grc2/1/tf/1.0	Appian	Punic Wars	tlg0551.tlg009.perseus-grc2	chapter,section,section
corpora/greek_literature/canonical-greekLit/tlg0551/tlg010/perseus-grc2/1/tf/1.0	Appian	Numidian Affairs	tlg0551.tlg010.perseus-grc2	chapter,fragment,section
corpora/greek_literature/canonical-greekLit/tlg0551/tlg011/perseus-grc2/1/tf/1.0	Appian	Macedonian Affairs	tlg0551.tlg011.perseus-grc2	chapter,fragment,section
corpora/greek_literature/canonical-greekLit/tlg0551/tlg012/perseus-grc2/1/tf/1.0	Appian	Illyrian Wars	tlg0551.tlg012.perseus-grc2	chapter,section
corpora/greek_literature/canonical-greekLit/tlg0551/tlg013/perseus-grc2/1/tf/1.0	Appian	Syrian Wars	tlg0551.tlg013.perseus-grc2	chapter,section
corpora/greek_literature/canonical-greekLit/tlg0551/tlg014/perseus-grc2/1/tf/1.0	Appian	Mithridatic Wars	tlg0551.tlg014.perseus-grc2	chapter,section,section
corpora/greek_literature/canonical-greekLit/tlg0551/tlg017/perseus-grc2/1/tf/1.0	Appian	The Civil Wars	tlg0551.tlg017.perseus-grc2	book,chapter,section
corpora/greek_literature/canonical-greekLit/tlg0554/tlg001/perseus-grc1/1/tf/1.0	Chariton	De Chaerea et Callirhoe	tlg0554.tlg001.perseus-grc1	book,chapter,section
corpora/greek_literature/canonical-greekLit/tlg0555/tlg001/perseus-grc1/1/tf/1.0	Clement of Alexandria	Protrepticus	tlg0555.tlg001.perseus-grc1	chapter
corpora/greek_literature/canonical-greekLit/tlg0555/tlg004/perseus-grc1/1/tf/1.0	Clement of Alexandria	Stromata (Books I-VI)	tlg0555.tlg004.perseus-grc1	book,chapter,subsection
corpora/greek_literature/canonical-greekLit/tlg0555/tlg006/perseus-grc1/1/tf/1.0	Clement of Alexandria	Quis Dis Salvetur	tlg0555.tlg006.perseus-grc1	chapter
corpora/greek_literature/canonical-greekLit/tlg0555/tlg008/perseus-grc1/1/tf/1.0	Clement of Alexandria	Exhortation to Endurance, or to the Newly Baptized	tlg0555.tlg008.perseus-grc1	text
corpora/greek_literature/canonical-greekLit/tlg0556/tlg001/perseus-grc1/1/tf/1.0	Asclepiodotus	Tactica	tlg0556.tlg001.perseus-grc1	chapter,section
corpora/greek_literature/canonical-greekLit/tlg0557/tlg001/perseus-grc2/1/tf/1.0	Epictetus	Ἀρριανοῦ τῶν Ἐπικτήτου Διατριβῶν	tlg0557.tlg001.perseus-grc2	book,chapter,section
corpora/greek_literature/canonical-greekLit/tlg0557/tlg002/perseus-grc2/1/tf/1.0	Epictetus	Ἐγχειρίδιον	tlg0557.tlg002.perseus-grc2	chapter,section
corpora/greek_literature/canonical-greekLit/tlg0557/tlg003/perseus-grc1/1/tf/1.0	Epictetus	Fragmenta	tlg0557.tlg003.perseus-grc1	book,Fragment,Sententia
corpora/greek_literature/canonical-greekLit/tlg0560/tlg001/perseus-grc1/1/tf/1.0	Longinus	De Sublimitate	tlg0560.tlg001.perseus-grc1	chapter,section
corpora/greek_literature/canonical-greekLit/tlg0561/tlg001/perseus-grc2/1/tf/1.0	Longus	Daphnis and Chloe	tlg0561.tlg001.perseus-grc2	book,chapter,section
corpora/greek_literature/canonical-greekLit/tlg0562/tlg001/perseus-grc1/1/tf/1.0	Marcus Aurelius	M. Antoninus Imperator Ad Se Ipsum	tlg0562.tlg001.perseus-grc1	book,chapter,section
corpora/greek_literature/canonical-greekLit/tlg0612/tlg001/perseus-grc1/1/tf/1.0	Dio Chrysostom	Orationes	tlg0612.tlg001.perseus-grc1	speech,section
corpora/greek_literature/canonical-greekLit/tlg0613/tlg001/perseus-grc1/1/tf/1.0	Demetrius of Phaleron (Attributed Author)	Libro de Elocutione	tlg0613.tlg001.perseus-grc1	book,chapter
corpora/greek_literature/canonical-greekLit/tlg0627/tlg001/perseus-grc1/1/tf/1.0	Hippocrates	On Ancient Medicine	tlg0627.tlg001.perseus-grc1	text,section
corpora/greek_literature/canonical-greekLit/tlg0627/tlg002/perseus-grc1/1/tf/1.0	Hippocrates	De aere aquis et locis	tlg0627.tlg002.perseus-grc1	section
corpora/greek_literature/canonical-greekLit/tlg0627/tlg003/perseus-grc1/1/tf/1.0	Hippocrates	The Book of Prognostics	tlg0627.tlg003.perseus-grc1	section
corpora/greek_literature/canonical-greekLit/tlg0627/tlg004/perseus-grc1/1/tf/1.0	Hippocrates	On Regimen in Acute Diseases	tlg0627.tlg004.perseus-grc1	section
corpora/greek_literature/canonical-greekLit/tlg0627/tlg005/perseus-grc1/1/tf/1.0	Hippocrates	Acut. sp	tlg0627.tlg005.perseus-grc1	section
corpora/greek_literature/canonical-greekLit/tlg0627/tlg006/perseus-grc1/1/tf/1.0	Hippocrates	Of the Epidemics	tlg0627.tlg006.perseus-grc1	book,chapter,section
corpora/greek_literature/canonical-greekLit/tlg0627/tlg007/perseus-grc1/1/tf/1.0	Hippocrates	On Injuries of the Head	tlg0627.tlg007.perseus-grc1	text,section
corpora/greek_literature/canonical-greekLit/tlg0627/tlg008/perseus-grc1/1/tf/1.0	Hippocrates	De officina medici	tlg0627.tlg008.perseus-grc1	section
corpora/greek_literature/canonical-greekLit/tlg0627/tlg009/perseus-grc1/1/tf/1.0	Hippocrates	On Fractures	tlg0627.tlg009.perseus-grc1	section
corpora/greek_literature/canonical-greekLit/tlg0627/tlg010/perseus-grc1/1/tf/1.0	Hippocrates	On the Articulations	tlg0627.tlg010.perseus-grc1	section
corpora/greek_literature/canonical-greekLit/tlg0627/tlg011/perseus-grc1/1/tf/1.0	Hippocrates	Mochlicus or Instruments of Reduction	tlg0627.tlg011.perseus-grc1	section
corpora/greek_literature/canonical-greekLit/tlg0627/tlg012/perseus-grc1/1/tf/1.0	Hippocrates	Aphorisms	tlg0627.tlg012.perseus-grc1	chapter,section
corpora/greek_literature/canonical-greekLit/tlg0627/tlg013/perseus-grc1/1/tf/1.0	Hippocrates	The Oath	tlg0627.tlg013.perseus-grc1	
corpora/greek_literature/canonical-greekLit/tlg0627/tlg027/perseus-grc1/1/tf/1.0	Hippocrates	On the Sacred Disease	tlg0627.tlg027.perseus-grc1	section
corpora/greek_literature/canonical-greekLit/tlg0627/tlg028/perseus-grc1/1/tf/1.0	Hippocrates	On Ulcers	tlg0627.tlg028.perseus-grc1	section
corpora/greek_literature/canonical-greekLit/tlg0627/tlg029/perseus-grc1/1/tf/1.0	Hippocrates	On Hemorrhoids	tlg0627.tlg029.perseus-grc1	section
corpora/greek_literature/canonical-greekLit/tlg0627/tlg030/perseus-grc1/1/tf/1.0	Hippocrates	On Fistulae	tlg0627.tlg030.perseus-grc1	section
corpora/greek_literature/canonical-greekLit/tlg0627/tlg046/perseus-grc1/1/tf/1.0	Hippocrates	De alimento	tlg0627.tlg046.perseus-grc1	section
corpora/greek_literature/canonical-greekLit/tlg0627/tlg051/perseus-grc1/1/tf/1.0	Hippocrates	Precepts	tlg0627.tlg051.perseus-grc1	section
corpora/greek_literature/canonical-greekLit/tlg0638/tlg001/perseus-grc1/1/tf/1.0	Philostratus the Athenian	Vita Apollonii	tlg0638.tlg001.perseus-grc1	book,chapter
corpora/greek_literature/canonical-greekLit/tlg0638/tlg003/perseus-grc1/1/tf/1.0	Philostratus the Athenian	Vitae Sophistarum	tlg0638.tlg003.perseus-grc1	book,chapter,section
corpora/greek_literature/canonical-greekLit/tlg0638/tlg004/perseus-grc1/1/tf/1.0	Philostratus the Athenian	Heroicus	tlg0638.tlg004.perseus-grc1	
corpora/greek_literature/canonical-greekLit/tlg0638/tlg005/perseus-grc1/1/tf/1.0	Philostratus the Athenian	Nero	tlg0638.tlg005.perseus-grc1	
corpora/greek_literature/canonical-greekLit/tlg0638/tlg006/perseus-grc1/1/tf/1.0	Philostratus the Athenian	Epistulae et dialexeis	tlg0638.tlg006.perseus-grc1	book,chapter
corpora/greek_literature/canonical-greekLit/tlg0638/tlg007/perseus-grc2/1/tf/1.0	Philostratus the Athenian	De Gymnastica	tlg0638.tlg007.perseus-grc2	section
corpora/greek_literature/canonical-greekLit/tlg0641/tlg001/perseus-grc1/1/tf/1.0	Xenophon of Ephesus	Ephesiaca	tlg0641.tlg001.perseus-grc1	book,chapter,section
corpora/greek_literature/canonical-greekLit/tlg0647/tlg001/perseus-grc1/1/tf/1.0	Tryphiodorus	The Taking of Ilios	tlg0647.tlg001.perseus-grc1	book
corpora/greek_literature/canonical-greekLit/tlg0648/tlg001/perseus-grc1/1/tf/1.0	Onasander	Strategicus	tlg0648.tlg001.perseus-grc1	chapter,section
corpora/greek_literature/canonical-greekLit/tlg0652/tlg001/perseus-grc1/1/tf/1.0	Philostratus Minor	Imagines	tlg0652.tlg001.perseus-grc1	chapter
corpora/greek_literature/canonical-greekLit/tlg0653/tlg001/perseus-grc1/1/tf/1.0	Aratus Solensis	Phaenomena	tlg0653.tlg001.perseus-grc1	book,signaline
corpora/greek_literature/canonical-greekLit/tlg0655/tlg001/perseus-grc2/1/tf/1.0	Parthenius	Narrationes Amatoriae	tlg0655.tlg001.perseus-grc2	chapter,section
corpora/greek_literature/canonical-greekLit/tlg0719/tlg001/perseus-grc1/1/tf/1.0	Aretaeus	De causis et signis acutorum morborum	tlg0719.tlg001.perseus-grc1	book,chapter
corpora/greek_literature/canonical-greekLit/tlg0719/tlg002/perseus-grc1/1/tf/1.0	Aretaeus	De causis et signis diuturnorum morborum	tlg0719.tlg002.perseus-grc1	book,chapter
corpora/greek_literature/canonical-greekLit/tlg0719/tlg003/perseus-grc1/1/tf/1.0	Aretaeus	De curatione acutorum morborum	tlg0719.tlg003.perseus-grc1	book,chapter
corpora/greek_literature/canonical-greekLit/tlg0719/tlg004/perseus-grc1/1/tf/1.0	Aretaeus	De curatione diuturnorum morborum	tlg0719.tlg004.perseus-grc1	book,chapter
corpora/greek_literature/canonical-greekLit/tlg1216/tlg001/perseus-grc2/1/tf/1.0	Barnabas	The Epistle of Barnabas	tlg1216.tlg001.perseus-grc2	chapter,section
corpora/greek_literature/canonical-greekLit/tlg1389/tlg001/perseus-grc2/1/tf/1.0	Harpocration, Valerius	Lexicon in decem oratores Atticos	tlg1389.tlg001.perseus-grc2	letter,entry
corpora/greek_literature/canonical-greekLit/tlg1600/tlg001/perseus-grc2/1/tf/1.0	Philostratus the Lemnian (Philostratus Major)	Imagines	tlg1600.tlg001.perseus-grc2	book,chapter
corpora/greek_literature/canonical-greekLit/tlg1799/tlg001/perseus-grc2/1/tf/1.0	Euclid	Elements, Machine readable text	tlg1799.tlg001.perseus-grc2	book,type,number
corpora/greek_literature/canonical-greekLit/tlg2003/tlg001/perseus-grc1/1/tf/1.0	Julian the Emperor	Panegyric in Honor of the Emperor Constantinus, Oration I	tlg2003.tlg001.perseus-grc1	
corpora/greek_literature/canonical-greekLit/tlg2003/tlg002/perseus-grc1/1/tf/1.0	Julian the Emperor	Panegyric on the Empress Eusebia, Oration III	tlg2003.tlg002.perseus-grc1	
corpora/greek_literature/canonical-greekLit/tlg2003/tlg003/perseus-grc1/1/tf/1.0	Julian the Emperor	The Heroic Deeds of the Emperor Constantius, or on Kingship, Oration II	tlg2003.tlg003.perseus-grc1	
corpora/greek_literature/canonical-greekLit/tlg2003/tlg004/perseus-grc1/1/tf/1.0	Julian the Emperor	A Consolation to Himself Upon the Departure of the Excellent Sallust, Oration VIII	tlg2003.tlg004.perseus-grc1	
corpora/greek_literature/canonical-greekLit/tlg2003/tlg005/perseus-grc1/1/tf/1.0	Julian the Emperor	Letter to the Senate and the People of Athens	tlg2003.tlg005.perseus-grc1	
corpora/greek_literature/canonical-greekLit/tlg2003/tlg006/perseus-grc1/1/tf/1.0	Julian the Emperor	Epistula ad Themistium	tlg2003.tlg006.perseus-grc1	
corpora/greek_literature/canonical-greekLit/tlg2003/tlg007/perseus-grc1/1/tf/1.0	Julian the Emperor	To the Cynic Heracleios, Oration VII	tlg2003.tlg007.perseus-grc1	
corpora/greek_literature/canonical-greekLit/tlg2003/tlg008/perseus-grc1/1/tf/1.0	Julian the Emperor	Hymn to the Mother of the Gods, Oration V	tlg2003.tlg008.perseus-grc1	
corpora/greek_literature/canonical-greekLit/tlg2003/tlg009/perseus-grc1/1/tf/1.0	Julian the Emperor	To the Uneducated Cynics, Oration VI	tlg2003.tlg009.perseus-grc1	
corpora/greek_literature/canonical-greekLit/tlg2003/tlg010/perseus-grc1/1/tf/1.0	Julian the Emperor	The Caesars	tlg2003.tlg010.perseus-grc1	
corpora/greek_literature/canonical-greekLit/tlg2003/tlg011/perseus-grc1/1/tf/1.0	Julian the Emperor	Hymn to King Helios Dedicated to Sallust, Oration IV	tlg2003.tlg011.perseus-grc1	
corpora/greek_literature/canonical-greekLit/tlg2003/tlg012/perseus-grc1/1/tf/1.0	Julian the Emperor	Misopogon	tlg2003.tlg012.perseus-grc1	
corpora/greek_literature/canonical-greekLit/tlg2003/tlg013/perseus-grc1/1/tf/1.0	Julian the Emperor	Epistulae	tlg2003.tlg013.perseus-grc1	letter
corpora/greek_literature/canonical-greekLit/tlg2003/tlg017/perseus-grc1/1/tf/1.0	Julian the Emperor	Contra Galilaeos	tlg2003.tlg017.perseus-grc1	
corpora/greek_literature/canonical-greekLit/tlg2018/tlg002/perseus-grc1/1/tf/1.0	Eusebius of Caesarea	Historia ecclesiastica	tlg2018.tlg002.perseus-grc1	book,chapter,section
corpora/greek_literature/canonical-greekLit/tlg2040/tlg002/perseus-grc1/1/tf/1.0	Basil, Saint, Bishop of Caesarea	To Young Men, On How They Might Dervice Profit From Pagan Literature	tlg2040.tlg002.perseus-grc1	chapter,section
corpora/greek_literature/canonical-greekLit/tlg2040/tlg004/perseus-grc1/1/tf/1.0	Basil, Saint, Bishop of Caesarea	Epistulae	tlg2040.tlg004.perseus-grc1	chapter,section
corpora/greek_literature/canonical-greekLit/tlg2045/tlg001/perseus-grc1/1/tf/1.0	Nonnus of Panopolis	Dionysiaca	tlg2045.tlg001.perseus-grc1	book
corpora/greek_literature/canonical-greekLit/tlg2046/tlg001/perseus-grc1/1/tf/1.0	Quintus Smyrnaeus	Fall of Troy	tlg2046.tlg001.perseus-grc1	book
corpora/greek_literature/canonical-greekLit/tlg2934/tlg066/perseus-grc1/1/tf/1.0	John, of Damascus (Attributed Author)	Vita Barlaam et Joasaph	tlg2934.tlg066.perseus-grc1	chapter,section
corpora/greek_literature/canonical-greekLit/tlg3135/tlg001/opp-grc3/1/tf/1.0	Longus	IOANNIS ZONARAE EPITOME HISTORIARUM	tlg3135.tlg001.opp-grc3	work,book,chapter
corpora/greek_literature/canonical-greekLit/tlg4029/tlg001/perseus-grc1/1/tf/1.0	Procopius	de Bellis	tlg4029.tlg001.perseus-grc1	book,chapter,section
corpora/greek_literature/canonical-greekLit/tlg4029/tlg002/perseus-grc1/1/tf/1.0	Procopius	Historia Arcana (Anecdota)	tlg4029.tlg002.perseus-grc1	chapter,section
corpora/greek_literature/canonical-greekLit/tlg4036/tlg023/cypria-grc1/1/tf/1.0	Proclus	Chrestomathy	tlg4036.tlg023.cypria-grc1	work
corpora/greek_literature/canonical-greekLit/tlg4081/tlg001/perseus-grc1/1/tf/1.0	Colluthus	Rape of Helen	tlg4081.tlg001.perseus-grc1	book
corpora/greek_literature/canonical-greekLit/tlg4091/tlg001/perseus-grc1/1/tf/1.0	Callistratus	Statuaram Descriptiones	tlg4091.tlg001.perseus-grc1	chapter
corpora/greek_literature/canonical-greekLit/tlg7000/tlg001/perseus-grc1/1/tf/1.0	Julian the Emperor	Greek Anthology, Volume I, Machine readable text	tlg7000.tlg001.perseus-grc1	book,chapter
corpora/greek_literature/canonical-greekLit/tlg7000/tlg001/perseus-grc2/1/tf/1.0	Julian the Emperor	Greek Anthology, Volume II, Machine readable text	tlg7000.tlg001.perseus-grc2	book,chapter
corpora/greek_literature/canonical-greekLit/tlg7000/tlg001/perseus-grc3/1/tf/1.0	Julian the Emperor	Greek Anthology, Volume III, Machine readable text	tlg7000.tlg001.perseus-grc3	book,chapter
corpora/greek_literature/canonical-greekLit/tlg7000/tlg001/perseus-grc4/1/tf/1.0	Epictetus	Greek Anthology, Volume IV, Machine readable text	tlg7000.tlg001.perseus-grc4	book,chapter
corpora/greek_literature/canonical-greekLit/tlg7000/tlg001/perseus-grc5/1/tf/1.0	Julian the Emperor	Greek Anthology, Volume V, Machine readable text	tlg7000.tlg001.perseus-grc5	book,chapter
